Id,Predicted
49I3SOKLI2CMNGP4,5931.0
727IRIR59A3P88LK,8338.0
LN95SD15SRPCEE8F,1392.0
TB11I7F0PN033D4T,3178.5
32PSGCK5PATHMR07,347.25
KCGC12BK5PGHP4SO,2424.0
SE7SP9PNCS9H4RKL,1862.5
AI23CE9L10CFLK8N,5445.5
MC4LR1DKGGEL4C4C,359.0
FEM7P31GRFL5E329,6660.0
LEDTR17G0F05QNKK,2308.0
OK8H6QICAPHP7797,478.5
5JB8EP6MFBOHDKTN,347.25
EPF30Q5AAPONR3R9,175.5
EMJLEN304HMM5K4J,35.75
AG9O7BTSE742NCB3,20.5
I0NPS190JO9CF869,6660.0
LDM8GL4O8474HDKB,8688.75
7H44IQ6G2ACIC4LD,803.5
M4GKAHO2QGLSOH84,55.75
R5IQF8R2QMKTIH67,383.5
GTREJSI43M3EKO1L,3312.5
8AE6D5579O3G46B9,2109.75
2EPSDJTDBSRC14BJ,1121.5
61ORCAKB56PN773C,3023.5
N5F8A570IM7JM8BP,239.0
3APD0Q64QKLRI729,232.5
CJACBTFIFGC5H99J,43.5
EI2KQ9EN4G1FAAJE,12488.25
M4EKTPPJ3I0KGI3O,3192.0
INBBJACC1AE1HTNQ,2424.0
4D9H4JO50R43O723,4512.75
QS9G5KJL4ASSPQSQ,2830.0
JAEG665AOMT7JSAT,13641.0
43B9S26F06HMRKEL,6388.5
7PKA60OKDJO7HBKD,328.0
64PMFJT865CMEM17,436.25
0DRTFRTEK3RS76EM,1828.0
1B04PDI92CFNDCDP,5571.5
LQIGEBP83S7ISG88,8277.5
KHNG9HDL10RQD3HS,2308.0
GGCJ4C2KP8GC7HA8,1918.5
P5PSF21O8TCERK4K,2424.0
930DG83R8P3M7KF6,436.25
TIMHM4HTH87KOS06,478.5
IMNKHNLIA82MCDEK,175.5
E69KP6D2EJT9EHIK,1392.0
C43Q1L67GEBM09SQ,4455.5
825F0GJG7SLIQK1J,120.0
DLRBO0TLOSO4C96C,8466.5
3QM33RDP21AO6K2L,327.0
IBPOCKOTGBP7B97O,55.75
GAEALFSAEMTF5L2P,8740.0
PBKP6NA27EH0R5CF,9872.5
MRSLRDQSFBGB607T,5445.5
C05SSKFD3IQLICI9,1297.0
S0DJACEKJA74NERC,1392.0
1HO2G4SM3D3CP3GO,2935.0
Q48FH6G2RQ5ODA74,84.0
FQNTHOF88HGCICBL,4112.5
ENHMQIMCEJDK8E99,4587.75
33F8GFBN5MS70TPF,175.5
2SCA455JFIEI2LOH,3535.75
7EH3K8GGCER895TN,291.0
9A9BB7CD6R1H04GC,175.5
41HJ2GBLKQO94937,2704.5
TCOGG9O1Q51NE5P9,175.5
K9THEQF9QCOETNHO,2486.25
G9H4DQC7H4OS396S,1392.0
MOHH854I0PI8QHGF,13641.0
T9QMPT2T2Q9BP3HD,32.5
QC6JT108H6K41QRM,2424.0
JHT4NG9GNGEQ7CND,94.5
365NQQQD4QT5CBP9,328.0
D6A98MDL5DJMLGQH,539.5
K1K6H0RTKDI5O1DL,1387.0
RA7FN41CNRITBAL9,139.0
9GCHS8O0BIT3GP2B,478.5
H0S71P5FM67BR04B,359.0
T0LQDNK1564Q7PHM,11406.0
T0ETACLNJ7F61E90,3514.25
CMJLKGK0IR2Q43A4,6388.5
5J2BNMN46654PP4F,478.5
EATI6B8S4MEO3R3R,1062.5
PGK68GITHTSMDECB,2424.0
L2NG3T13EM3FPB6L,11406.0
DCGNCC29APJACRSP,6907.0
KI3LJPJFAQHH4EDH,7591.0
56NRNAOA3DOBA7EG,34.0
TAO36NAKCR72NJBF,5615.5
7MF17ODN3A5C01NK,3312.5
OHKAQNIBIQ9M62SQ,2938.0
347M3O8CAKHLTN3L,8594.5
05MORCA71FBJ9PQF,3312.5
KJN4MR2HKM25IJEB,3419.75
P5C1RTL8912ON0LH,2935.0
KQK1PMJ6ETA7S9GT,3361.75
5QMS5TLL0SMLM4MF,175.5
TJ4QRE6RBKEGHNLG,1062.5
95C19TDNFH61Q2NS,4455.5
AS90TO12ED8RJMO5,13892.0
G5QF1BL4MBJN67JM,2424.0
63OCNE6J4408TNT7,15114.0
I23M97LENI66OA20,2436.0
G38TE3S3ME4692SD,7591.0
QJAG4S061M83QKPN,21901.25
0MMEA9KEC0PMSO1S,7153.25
S9R0HSEPKP8LQ91O,8399.5
68LD1S0005NA6P3E,2308.0
R5G15228PLAEMFGG,478.5
4JBGAOSB7SPCK2SG,94.5
SEFJNL7EHOTA661N,427.5
G1IIO39P6SQIGQTR,421.0
ISTA61N4N6CTFG66,8688.75
J9N3ID5K8C0JGO2O,3361.75
TMPMMQI9HE6JC342,220.5
2ICSM0745C80QMG3,4715.75
OJI6TG43RL546IMB,175.5
PLHO032NDHB2L531,1734.75
GQ1T8MA5P3NK38TH,436.25
QBBGMKLRC8ASCLAF,4519.0
O6KKQLFFEJQ8DGPJ,855.5
I2LRLD8069GBH9SB,2424.0
RRM80B9BPH8NC722,15743.75
5N8DSOART14L161L,11.5
ITFHEM51SR32DQ3I,34.0
JD3RKBCENFQ0MSEP,1392.0
QFSL4REPTH6AE564,2424.0
RA88ODKKMNQF5LKJ,41.5
9777N6EFTB991ICM,175.5
NF4TSQ4SIM4LJBLQ,1579.5
SJ4SQFPSIRAKA1QJ,2490.5
3SEHNBEB2SI5CA4G,5963.5
EBT7KR2A8LB4J3JI,3409.0
4EB20OHH7MP5JH7A,11.5
FMDRJPENN4B9HHDK,1392.0
88J7DCNI26MI5C5P,3969.0
E5L9GA2TF4FEFSM3,1.5
83NC9DSQC7EO8GRM,8620.0
4TFQN8DMM5AGP62J,1127.0
T3QECJR2BGKDPJGF,4715.75
MMNDF64O95TTMF71,34.0
6Q4PKM7H1H2B0HFH,1392.0
GI24NE5M8CCQQDIM,165.0
G0IH2ESD6866G6F4,328.0
H5RDASJI74EHJL6D,2083.25
50TLBIAD9T10OJ1Q,2109.75
51GGDTSE2O887MKB,17.0
7J0P5JGA1HQ8QF4S,4587.75
O7J5EQFRD7BTN2NF,9872.5
E97CQ8RNK4Q8NMTG,5445.5
6F2RNNTLR2O5KI2A,2109.75
CQB5T10AM53RM1DH,6660.0
EF3QI1Q2BINFI6B2,175.5
EHE7GFPB24OHL8G5,478.5
HAL4E55FQJ7JEMBT,1880.5
LCT7NRBEH130B5P7,714.0
E28C8BPNKJPQ922Q,11.5
KD0NG4J4TJODQ0F7,94.5
S56S32JT1D9H3ILF,7591.0
QOS42780FHAQ6OOI,1392.0
MQ4SHLME6CIBQIRI,9064.0
NN1MQG6DNK4G14D7,256.5
HK52LGH6FILRQ6L8,34.0
5N12T4PN7FBJ7T86,478.5
P89HPE8CCSIH8RRP,120.5
8IP74KRJFFJI00CG,2424.0
94BSKMT2BJJLDTKL,8133.0
LB4LL2ATES1MLQOP,8133.0
2H3MB37M4R5K1D3K,3.0
3IATJMBTGMNEIDII,1191.5
0EG14I7C0A6IKNAO,414.5
P8M06452R091A6TL,478.5
7T0QGGJO4FGCR5AO,430.0
ACP9ACDGAMGTDN5F,4157.5
TK7QGMB5GAEC1S2B,9064.0
4M50KAGE6E31D3EN,3928.75
AP3RGBIE090QL5OH,1274.0
LFDNOOGNKD1O0L9Q,411.5
SOJDSLJKAJ7NE5JM,1392.0
E4150421O62470K3,2424.0
RDK9H56QLDCK34P9,175.5
6MO2RDKME9MLAFJD,2935.0
RQH34FT4O2NCLM7P,436.25
99LIEKM4N3JO33A2,347.25
P3LNR5A9KG047TF2,8133.0
1QSDATERNG22OBGL,2424.0
GG0E85C0D1IT1KPH,1828.0
TBR88FTN6ID9AJCH,15114.0
0JPC51M9GC6EMD4B,1412.0
RKGO0LCPECT8303L,4393.0
RB8MS4TGGG8LM23M,347.25
31AONLKFPQ8RHJ2P,1116.5
IFA60AQQBB2LGK29,7860.75
BGLN7K7BEJR9JB1R,3312.5
T6ON5MI4OBN4K1HA,436.25
AE04SN5QI47FKG78,2935.0
FBNOKRI4BF61SPN1,4587.75
6A4JM9ETD6J48LKL,7739.0
BTH8FEJ9EE4I4E74,175.5
7C798784PCJ4BTG5,417.5
1KKO6B5BQNB8B01B,42.5
LHPK26G5O8SE12F4,417.5
KI032M8G9P75R9DI,63889.0
O63DDITPLL0RGT5F,11.5
OMJELLTQPAI5N2SE,478.5
QKJIS0PBR2J5EMG0,473.5
QLSG334JFTK0NSTE,6.5
10B5PE4PGI906RS4,4341.25
PS3OP5EOPTKNGS8K,232.5
D8MR1JN66RN8OEIK,2293.75
8EH3QACP58QMFHK1,3525.75
64147N7ICR6IKDII,1828.0
HSOHLFSKCKMBS0A9,8249.75
5IPN36DB32P5QNAP,6918.5
O0G8M9ESCHL40ACH,154.0
SMTTB17NFMC59FKO,4157.5
NF16LP03L5AI0L0F,1117.25
I00NEA79PFD2L6QS,2436.0
KI0GTMQP2MPQ1279,9064.0
K9I7BABMI2RO5KLJ,1756.0
QE58A39OG4AG1510,88.5
3CH1JOR4KT7NBRL3,3312.5
73IPGI3RSCS754F4,9064.0
D0CDQM0KRGK5E45H,1062.5
4QNSN9KBNB91P2NK,411.5
22CQB2EK12JKABCD,34122.5
SS201B661L1MC7E3,3573.75
B3PPD550GNFPGGIO,2935.0
HCA9IJS2T3PQ1KSH,30.5
B7CHDR1RH01CKH3R,2176.75
TG4QFGAENHJEGK5L,4587.75
AABEPN5QBICNP23C,1828.0
KRN6NC2M2T347G9L,2290.5
9PTNIDFT2R3ITKCE,1392.0
CKI69B17ACLII63Q,2109.75
34DEPQHCJAC01I61,175.5
C45Q1TTRBDA39FH5,1412.0
8B7F9I5EJI4SC847,34.0
JE3P27D7BSH6A0J5,1948.5
3FE510I98M79ITT5,2935.0
3N0I7QE5JGII6G38,1591.25
3BT0RJKNK7R5MLDI,145.0
490LPKT84KFCJHHQ,9064.0
6B8CP1OFFLJ61K61,1409.25
PG8HJDH5ALNAFCRB,1352.0
LQHLP8K6IH6R1GSG,1062.5
A8NTS5JFPK22ATER,4587.75
99DIKCD7S9IK75S0,3032.0
PP2LSC2D7EP1SRMK,492.0
EHAFDRO7IS6L63BF,14912.25
B8OLPJPN6IKFSPII,100.25
MP3AJ9I83H8JT5F4,2424.0
9K1BBFDA60JILKCJ,327.0
6B9GSC1JITA32JI9,4512.75
J52KJ9MNS0JLGPKH,175.5
3EQHEJ61DJEGO48R,65.5
REM5SOTGAQDR5Q2T,478.5
83GSI1QD2DBSL1HS,2424.0
56BJ5OPR5R76MCRC,2704.5
ATFPLSH1QL3I9GJG,23671.5
DO9138GKFMA0AB72,2704.5
Q0ERHF31GO2AMC6O,1392.0
E3OCM97DCR7P2NIB,2594.25
EFGPLSBL8O11A612,1392.0
D7PHAIT33K9J3N30,7174.5
M8M9NLDMG3JADD9N,181.5
2I98G72F30EHF955,8261.0
192R3LF678TKOL3H,5615.5
731KHKAE3B1MCCCN,1392.0
BEIAANTKG3P0F09P,1918.5
8OBRKKABCAQA7ARI,4519.0
B768L1GSERMSGT7F,3312.5
MJ5MCTIHI3HF576J,3535.75
AT58PMND4M4PKN5A,436.25
EASNTSPBA3GGH98N,1392.0
HN3GNJ7TFLGAPLBO,478.5
HPANSA83152FBPAE,3040.5
P3GD6IASD3QGTO7P,4519.0
LIAND8MEILADOC9G,6424.0
OSACHGE51N68CM3C,244.0
OML9A6TRD1QGDFTI,3312.5
5QDTG19A0G8MEGLN,1862.5
LHE97OSD2SMNASM7,175.5
ATT5MSQ688ANJL4Q,436.25
CDQFMBPPJ679D9A4,1127.0
GBQLSHE0346P148L,94.5
63BMEHFTH8D4ASSI,155.0
BS352JGGHMF69R7O,15.0
BFBPT41R4Q7OSD8H,478.5
BCGS8JK065MQOT14,2323.0
RHKN6FL2DAD1H2QN,281.5
4HSEF5JP975SD96H,3312.5
P6DI5093QM1MB7QT,1127.0
DS0560TQ1Q7HHR35,231.0
A5G2RF127D9DFCFL,9230.0
OQ46C4ATC943DR7J,5.0
8KKL5ST1KQ2D11RP,3859.5
53MROBAIAD9MMMJA,8888.0
FQA1ANHTG28GPOC5,436.25
2EOHA28CTHMPABQ5,3032.0
Q1R5JQQDBFI95AJ8,478.5
TM1EGHJJD6NDLJBE,3383.0
OEIIMQG4E5MTJ5EQ,8466.5
1HG3PQ2G26PK47TR,478.5
CJ4BLE7ONIHRL99R,347.25
J729HGTRG9BPCFAO,6598.5
LO4722CRITH7H04H,3361.75
F9FQERP29MLPB0OQ,9872.5
SA8H620S06AMSPDN,3361.75
NRSH90N48JA29NED,244.0
A977KF703ADIS6AR,1681.75
L4CFM7NPB655E7M6,181.5
BTDMHHR1FG9QOFIP,1127.0
4CN39SSK1KE9M8T7,8133.0
BNC18B0L3FHCKSLO,11015.25
B7SB1NM9Q91BKF4Q,1387.0
I3EITMGJI7PLQ7TG,1412.0
5B4CG9QOM9C25J2B,1392.0
1JP6N14GC1TI0G0A,3397.5
HJLQ1EHFJIIIHMCJ,2424.0
BQPJKNJ7T3998NEE,8888.0
RB1T5EBBSEKR83KO,2424.0
K4LQGJMC1151CHOC,2860.25
SNTEG3GPFGDJA945,6271.5
MCR16TCCG9H75TCI,7434.25
LEDKJ0GISIJ8H97J,327.0
EJTQKGNMN5DJF7EL,1828.0
RAAA3OJGF64R2JI9,1416.5
3CPBJC359MDCQ0BM,545.5
9DJ09IAOJ1QFOO63,6.5
MG3PEBPCDAR0AES9,4212.5
L4IG91Q41DM7G94B,8133.0
T5T29JK0OGJN1I5A,2109.75
0HML5I3HP6CRRFRQ,8921.75
G4ATJRD1MAMSBTMA,100.25
1I7LG5NIAEO8SNBI,2935.0
EQ9HT7D6C60F1PRI,17482.25
49EI89BR02EOLED0,1959.0
6NT4IOJI9L6JK1TG,5143.5
65K1D4A4FHQQSM9T,3419.75
RJ6HKDO5A6R7ARSD,4587.75
57BGEQBE40D3HR3I,1392.0
Q3DP2S15CAD6PIJD,6660.0
EQNPK2J9FN85BPMS,6788.0
H4C6D17OH5BTO5S2,3535.75
1SD07JN9BKQ27640,175.5
FNOJI0F2KPQS8532,3.0
BHKC084AF862D34G,2704.5
JE8NJFKROFO1TOFR,1513.75
1LC71I495MCMK2PA,232.5
TG71JHM3BCS3BBGD,110.0
QB7DG7NM1TER4AMO,8146.0
24PBJJGDPTL796GS,5469.0
R8088OEFOHDATAL6,1828.0
2KRAMA1RO7K0NOF9,2176.75
498NNHEQ3MMBFG47,15.0
166GCGLJR19GGS2F,2924.75
O3LG1DSNH83S309O,2424.0
CMM19RTA4FRMLGNL,1392.0
PB7OL4SHP1FC61LI,436.25
7PK2M7Q4ASC6AOQ7,8261.0
O6A4QESHAKS5QKSI,436.25
12529ECPORPHJ96N,7432.5
KDO5F9CTHS886ILH,3312.5
8ORBO5LPM73THQ56,3.0
I98BO9L4KN6BJ463,11596.5
2C4BQ1LJ1FQR19LG,220.5
T43CNJN9BS6CGD8N,94.5
86N07CKE8L6PAHRE,6092.75
SPFFQJ3J3I58624L,6660.0
3J2Q8C0C1141S5Q6,714.0
Q7ML9CG1LBIE6N6C,3032.0
KSE6HGQS68GPAS90,4587.75
CAONDL0S3PFTPL56,2424.0
JO9KECKO5M4QACO0,244.0
C5DPRBF6D96QED32,1191.5
2LJGQ7LQC4DHPQN0,4587.75
S07OQNNB650NJCS0,447.5
EC755IOR7KJRF8JD,175.5
H4FHA8LT5PASKI4S,1274.0
1JR37HIC6L6FIT6S,436.25
LG8LA3CGR6T6RRM5,5445.5
18F3NF798BOI0N4T,2424.0
1R7QFGS8IEG7IFCC,175.5
HH742FBO6SD644QM,4519.0
22NJ35P198NDN6FL,175.5
3TAKALPRKOTCOT5I,6788.0
H5DKT6A3PMLJ5KDE,6918.5
5JT0702CI1SPP4K2,2029.0
1J5Q4OBC48AAIRSA,2236.75
7C46OJB579118OOE,2424.0
DPA7NM9DQ8QJS0DF,1347.5
LK4AC0SK9G52TE06,328.0
2S8LF2IL0GLTOQ2T,322.5
N0KPM80G1572J1EG,347.25
TO76T957N6PGB061,8467.75
SHGG5O657ARCBBS0,1392.0
JP1KHDHKERA21I41,4587.75
S8A0ETBLKTF1B8G3,11178.0
8I02N0A89NFPOSF4,2424.0
Q15SO84EBBC382L5,4587.75
C9O0JNMDJNOF5L6T,1307.5
130F4STRB4KD7OMD,430.0
BKJ5O2I2AC26G96B,84.5
1H0BT5MTIADALJD9,2486.25
7I3I33F9SL9AE2H7,436.25
IOL5C8HHQG387LDS,436.25
R6E19JSGR9J63JQG,12488.25
SB72NJT3JIT760SG,1862.5
TKABGHJA2QOMJF89,1412.0
I2TQD33I46T1F56G,6660.0
8FOQ0KE29AE1N0S1,1828.0
5AFLR2FCOA0N82MG,3373.25
EN0PPTST6KAQT91R,3883.0
88HIM46E5I360MRQ,11.5
2OJLA27NIHK0CCNT,1392.0
O2T8L01O658KP4QH,2717.75
431E4R5Q8KB7IAKI,3535.75
S53PKG821JT9QC11,2109.75
D3JNE3F49PPMCRJP,22.5
24LF00A10HO8H72I,2935.0
QB7O1IH2CPASF5D3,2935.0
M5HJ560J5K356ATO,2030.5
TNG4650J7NTIA15E,12488.25
P424P405QQ899L70,1392.0
M96RTATAFM82LF30,2530.0
J4AL4KC1LI2DJ34I,492.0
27SIMRCCH04HIDIK,1387.0
S0OKSSPCGQPBLKJF,15114.0
K6EF1BM6N7BQ27NR,2424.0
A2QOT07GN2NFNI1T,7792.0
D75OMB6LSE08OTSB,263.0
1LPI8MC08PDFH2M3,512.5
NHPQLLFNC9A8MJ10,2041.0
A6LBS56P5901KSMC,318.0
ON1S7JD8G0BHBQED,1918.5
3TCITHN3CSQELI42,55.75
MGTLGFLSERBS0NQ7,6660.0
0602O26DGA3NSNN6,175.5
57685ILSITH07FMI,1828.0
OKEPFDCLJG1R0IBS,8783.5
38J79AEA61MB7NPE,1192.5
JLTCLJPSR9KML42J,175.5
OGTS8JCE30N3Q46J,7591.0
8TRL0M8AG7KT4QPH,1392.0
FRJ48M9LFEK0PHTJ,13.0
KBLACG5KMDP7SJGA,14299.75
IA28OI1RSCJQDC6D,2924.75
HP9NQT1KR3TJQ1S2,3032.0
663KTJSIMAF9SHHF,34.0
M4J6O00ON01B6MGF,6320.5
LCA6MA16QO34F0AG,347.25
43MG61POI5A3AR9D,2424.0
IBTK2JABSMOLN8N2,328.0
08I8JIJL7P6ES25S,1387.0
O39P1SFLLBRQ93Q4,324.0
S3DB84CH0HA6AHCH,421.0
O2JLBL0ILRQDL762,11.5
20SBIIPORIGR385J,7591.0
HET3DCHKN49QMFIR,1857.5
72MQ41AKRGELER5S,181.5
IRFJFALDI0FGK4LD,65.5
OOR2ETIFFSFBIT0N,9564.0
FO1MB0I9H5ASRAE3,86.0
HHTCHCSONIHOP3P5,436.25
JRFM8QCJKIGMJ2F2,368.5
CTE01KNFN73N1D0E,3312.5
1IL0ETLP4JMSR9Q9,2436.0
H2CAKHD7TFG34E9T,1392.0
1T9IKQ5R2A8QI2AK,3.0
IK3SRTF8G21G2LGQ,6660.0
QLT46KC3KKTNMKM6,15114.0
A7IMEPIE5B7RGDA5,1392.0
AG32112ONNO3CJOL,232.5
3M02OINEE5SQ04HO,5.0
JAR0PTOB07MLEC9I,3573.75
GB9TR6TMLJ51FI5R,181.5
1ON0EPBPKKRRDPI0,123.75
5204D1OO1R53HOPP,411.5
0IHRICRDGSKSM4QG,175.5
68GJ1METQ6TKFCFQ,9064.0
3PO6FPK6RK398RFQ,3352.5
DFS0631F4OM6CBB5,1347.5
II8BMCG2J92CMF0B,3294.0
KALNFK73D7FFFRF3,175.5
78K1IR3T56TK386G,4587.75
P8H31N224579QPRC,3410.25
BNHRSDHI077CE3HQ,2935.0
IA5TG2T2ELD3BCJ6,9064.0
QJL2T7JJ3CGE5JAL,175.5
D578I389PJR5BD5I,11.5
LA5R6MQC4I8NK8PQ,322.5
BBMMCDOS07QHLH0H,1387.0
Q418H23MHO975STT,1191.5
B2S504BTEB3460D6,3538.25
FB79NJH2NMAIS3R5,1918.5
1D55T187PNG2EEBG,3231.25
02EC3C7I6DB6PS85,328.0
9PBL7EOMEM6KN9TJ,324.0
SC0IRO1FJ2HBOCJL,8013.25
2488SJHFQ61988AP,1578.75
TM9P8E165PNEL220,7421.0
GG5E614PMHK6I8DJ,2424.0
MHOF7K7BL70RHBG0,1392.0
HB91H5PLR7O5P8MG,2109.75
MJTEEHJ019EDRAB7,3.0
A434G769FOA3R4CH,8133.0
6J46CKKKTQS45JAM,3226.5
AR4GCBCAKFQ10AMH,1238.75
MPP1LELTRGIQ7645,2112.5
JL0BD0SS0OE2C3OE,478.5
4PG5B35NTKK1D3I6,1828.0
58P07ABE5MFNMRCR,4587.75
IDD43MI0BAD24495,2424.0
Q62CGEGDOPT62DI3,347.25
01D40L6DEB1N33TT,1.5
O0FPSISSSIRO4PKP,175.5
ECH9RH256KP94NGR,327.0
ETRDJ2891284D0H7,473.5
JLJ30EST4IEFEET9,473.5
ABJFO3BFKPJFDM7L,3293.0
LTGJNE55S540ATA1,8146.0
M0RRC3FJDC84EIE9,3402.75
S6G7I44AFCEH7CN0,3419.75
KCPC776EGNH15TCE,2704.5
3C4I35754O5PAOH6,3591.0
ENTDICAQHDCNMTE0,545.5
70A5KGP00LTJ4N8M,175.5
EC8N03614ML28TM8,11.5
QD9EPLIDGFAEM0PH,3573.75
S4N2CF6RICHT2SIO,4340.5
TT7SIEG1HRQMME1Q,1392.0
KR4ST3OJFA4TK2N5,271.5
MQDCQCROM89BO5Q3,7240.5
OPAECC8LM3FE7P44,1408.0
MBC5R0I70KECDA5D,327.0
33L0K859FA139HT7,6660.0
E3JPKBKEF7IE88Q6,13675.0
STRA23PBOHHI5AA4,3167.0
B5PF45OS486RR55D,2424.0
91RITMEL4SEFMHBD,3352.5
T0IOPDJH9F9FD90L,171.0
A38L0LM6OGJ0S43J,1392.0
PS0T4BS13ST79ASQ,2424.0
M8OETO4C100AF64M,3361.75
KBQ8972HK54H2C39,1392.0
NJQ1A0N80JRQS12M,3.0
O99I57N7A0P01RP0,175.5
6ONMN7FPG5AA0DOB,1828.0
L49H0DTC2L33GM4O,175.5
TP8JMP7QK3AQ14RI,2938.0
EO3M85QIOKGRE3BD,2467.75
6H9JGM0BQDR69E17,34.0
GCKT7JDAT0KGGD1K,2704.5
2TOHLSNEEJSTDDJ1,2424.0
L4KA2T8171E0Q1RG,144.0
FO8KO7AQ80597717,2704.5
I6D546QDFGTPBG5S,2486.25
08639J6SR5C74917,328.0
GL8K5F85DQSNHONJ,1392.0
9JIQH4C5JK5G6DEJ,232.5
E21NF787710CLISN,3032.0
357T16BQ5ITM06Q2,478.5
HG9P9C1AFSTE2IDR,1387.0
TJFBKGED5GOAACST,436.25
L0KR2E648S8EQO3T,1969.5
1JL5OJ7I17KT2784,4393.0
SJ68NKCHHI0O0K24,6660.0
9TKD1AKLHB8AJ6PA,55.75
0GBL03M9RH2PLBM7,15114.0
I59T91E3GB267T27,7950.75
Q99I357TKJ8B0O18,1392.0
SN5S8GF7ONNOH8AG,6107.5
5D0TPHTDEHA55JSM,97.0
233LN1QLBP80CKIA,3312.5
F1T255DC808A7AAS,416.0
8FBME0DH442FJCO9,2424.0
6420TD7TG07EJ11R,6660.0
PCRPCITJNK7SJH3O,436.25
SLHLLNBC1Q0RN3H8,3514.25
R7FFF8N2N9G9PC58,2935.0
80N4R193NEH2F05S,4519.0
9TI8MOHPAT858A2H,2030.5
R5Q5GSGKJRHDQDAM,436.25
5CSOC6ISNHF8FCT2,3410.25
MGLD1STSJ6RR32OP,2935.0
8F50Q1ED3EMC5LMS,2424.0
0CEK97NTSG939JN3,34.0
GP27RSG1I4CNJTLB,5469.0
LS2AFADB3RH85SF9,6660.0
DOJHG61TO3QI5CL0,127.0
M6AIR5I2SK6PAG9L,2424.0
ET06K5GDE72LAJRM,5445.5
TLBT5A7DE07ODS8D,1025.0
HDM8TF4DQOL7PN8M,3458.5
SG8K23HFSG03L5HD,11674.0
F7DL8TDDAQE8L2SH,328.0
Q9A6PGC1I0ECR8ES,8133.0
O4LLD0121S3F0LS1,175.5
7EASAOPM5J2JP1QJ,207.75
53ETL4BKC9SGP85H,1828.0
A1E7N53448T3S3PQ,256.5
FT3F5HJK01IF96JC,175.5
10DC59G5T6SJGTLB,8013.25
OQTLQM8J1S8REJ2E,232.5
7D28I9FO0C8TF6P7,2015.5
G1ITJ4NE88J86MFT,610.0
21B8OT7JH5NRNDQ7,175.5
F1R3BDNFD1FR7F22,3.0
7G212SKQ9RIR70NI,5445.5
HG5IFMFTM5M23DSS,2424.0
0GE96G3RA0EN9F29,347.25
55AFNOSTM7829AK9,175.5
MJJIM55N7MLH1F7P,5143.5
T4E3O2I30C6JCFAA,1959.0
G7D4EPRLB34QG45D,4715.75
C700O0BE69MCIN5H,2924.75
87K32F2FCPIE9934,168.5
TTB2JBGCE21F9OGH,1392.0
GHABPAL80ML288O0,1392.0
TG7H4DDIKKR05IB2,175.5
GOEP7G2CNGL23AJR,1690.5
2GIQ077RC5D5J0NE,3535.75
9A75B7P90BL5TB5Q,421.0
4PL363D5FHE15SO3,326.0
5PEK8FB0IHR1M62T,97.0
EGHDB6NFR6GKI7PC,8399.5
B2NPTMS6FGK134PP,1347.5
JK81KHO5RM5BLQ6K,115.0
T9HTH65SIM9NFCE9,2946.0
K6AHPS2GJ7ELI4KJ,127.0
01250ADN9H8O9CLH,2704.5
OSELQT44TPTTT316,1392.0
CJBL9GH7GEOLG0PO,34.0
9RCK616QB6LAECA8,2424.0
0FCF1ISL1DAF5AHO,6788.0
CLQ0QC8375CCFJGT,8277.5
IBC69QO8ARDEIRA3,436.25
R31EK6OCRBLC3J0R,3577.25
J5MD0S0JN8GFCSSP,2704.5
AES1KP7K31K6BBB9,4587.75
R2BPPAR3IN3AB6QE,4587.75
6RGRNDKNPIJEAID6,1387.0
339NN4QBF2NCOH8K,2424.0
HS4PN1GAOPBSFQLC,11665.5
OJ147QIN3C3BS0GH,231.0
O7NPI8RT02MR8O8L,175.5
KIIM48O5F8RFIS7B,2424.0
6I3H0EOI6O5B60LR,545.5
N6185NE3RJM003BH,2308.0
SO8JK3PR00AQE65G,347.25
92P67ICTKBTFHOOJ,231.0
Q8K2ESDQR2LFJ88T,3231.25
4F3AMLP4KMEHB1FA,8480.25
4QIH6FRD3204R5HE,3312.5
JT60NTPN163A1DNF,1392.0
4NFEEIM7NM583IGH,5615.5
M982EIN3FR77QK9B,1392.0
66MLNIOMDL64AR3L,11.5
808E8IINMIDP8L28,5355.5
B8E2FR8RKHH99IGJ,181.5
L0BS4119IE6SLRR9,13892.0
TG3DT0A4HH47MCJH,2704.5
DBJND51HBFKTDKRE,3312.5
LQ3DT8DNACK6QD6L,1690.5
44E28K12K80BCKGH,112.5
BD2O3JH2KIDHGQ9H,313.0
BACJ22B5F9JN24NJ,416.0
DEGB5BCNB5M5M27O,1062.5
D5PTMML4ID34KMP8,115.0
31T6FESFAGNLNHN2,2424.0
9671O6OD4M82RKQ7,2424.0
NM357OPNOROHGARC,1392.0
6GG93D8S6854M999,3859.5
J4MB0BEGL92J1R7N,3373.25
ON1N05K8AT756DO7,2340.5
7KN8Q95HKG6D3B2F,1118.0
P000JQ593EGP6OIM,1412.0
OOA55POM9JTKJTOH,171.0
RG9NG9PHOJHQLRLD,34.0
1AFECPN4DIGKHASE,1392.0
MIDGQ11FBK0S8SQA,4587.75
B81FEI1BJPQ2ID31,2704.5
9H0M53IOSJ49R744,205.5
9GD6RI2MSLFMCIA9,7591.0
AOMPFPSM3LGNEL8A,7192.5
L4PNFKRP9PPI3S4T,1828.0
INN0S489239CF6AN,1862.5
H4ESNMEHH4IMJ57Q,1387.0
RFB6519SE8NJ0JRT,3402.75
KEAG4CLDPD62MEQL,1457.0
PO3LC0Q4T7S7LN9K,385.0
EHMNI9EFFS7OCFOO,6918.5
M0I357JAA15F417E,4740.25
QM2B41O327BNM8MS,232.5
RSKDRBC6SG8OB94Q,3535.75
5C0IJ7JHTCJ5KFFP,436.25
NI1NEQO8GFDP8ICP,127.0
7D2OSDJ3HMCCE7G2,8751.5
O5SLQ6B521R0FLPG,2109.75
20GK0SBKOJ9NHFCF,1392.0
221L5TE4EKHF6G7R,5445.5
GPHC0N1LGOMOC6BA,4715.75
04HAJ9TA1QIA4DAL,2668.5
TDDM9IN219AD731C,328.0
D3POAP7L89SO1ADL,4587.75
GP67RG7DMH05MB9T,136.5
A3IDFQ2NI9RFGS6K,11665.5
AP5RH206L9D694JI,3312.5
22N5S12CLO8T1PP0,421.0
HP34RRPLFE3A2M8M,2424.0
KGTO8BJ194H9OMK4,19253.25
82BL3R6OQEPALE8R,3535.75
QFBH398G8F8FA4R9,36.0
5BOTNK5GKL2LL72R,4587.75
KS6SJODDA6QQPM4L,4587.75
MALIAQ24HJ8GRNDG,8133.0
459ALMPB9I2AORD5,1392.0
A8GKK05RC3P6E8TS,328.0
NREGKJP622LHLMCM,1358.5
MDFQ80NKJAB06PS5,181.5
LJDLT6J6H44SP79B,9872.5
J0OQTFDGOBCCAI1F,2424.0
61PLMNAJB3K3KPGT,5228.5
LCSED2LO6JB8SCD9,1387.0
MHKMJOTC6G8O7A9J,6660.0
8PL09L8KFKA4TTPQ,3361.75
61MDAAM2RI2JEQ2B,11665.5
B2GCL5184DD34KN0,1392.0
RA3LOJSI10J5I733,232.5
FITN6JPLJ1QP06CL,1392.0
PKSI9273T7F093LC,1392.0
FRNPP6IMNLHGE5R1,1392.0
OC1AMQAGLC60P9BL,6660.0
B13E1MCACPN6STFQ,478.5
O5654SIS7RNFM78S,7591.0
CI8AD1E8KI84DSCM,175.5
LPF8KACK62CMB5SG,4587.75
C0HMB321PS17I17A,1828.0
O58ACT6DPI0TJAPP,359.0
PN3H5CPCC4CBLRD2,10459.0
FPM5PMCLN8I2Q803,138.0
JFKMI72GPGM7AHRH,3226.5
CAOS1OR0H2RA3IGT,3458.5
231QJ6E8BDR24QEK,2032.0
T13ODJ44B7GH4B9D,3373.25
9N5J6QJDJMOSNJI1,175.5
158I99N7R3MB5AGM,2424.0
KM2I4DMP450AF2AL,171.0
O63468ILLC5785IQ,5892.5
9SCSM7ACPR88LRSM,1062.5
EL3T70K04F0CAQD6,6660.0
MQCR0J2HFHDERQ72,3535.75
24T7F8CK83O15M1O,4240.5
ESKOBDP2MG1P0TM7,2109.75
5CS476L066I6LRM5,473.5
CQ5N1GHO5HAF9AC1,492.0
9F7OM8TN2IETGE2N,55.75
52DH4ERFTD8CQD7F,4587.75
86R56B0NDSH0E5C5,55.75
698JR9RIE1CAG5BC,2041.0
R4FSDQI1GK52OGSQ,4587.75
4NG8L0MESAO5QQ14,3969.0
DPKIOPB4BI1HNOD6,417.5
M5LQORCRTE4LEGMT,3105.25
5P7AJIRR46KGGLJ4,492.0
KHO285ME63KE4I2Q,2704.5
F7MCM6GSSD5PAG3R,436.25
CH5943LKCSKJP9I5,3514.25
M76CEIA5FS0FC92M,20.5
5MQO5K3QK8NR3HB1,8888.0
EPB5FK3LHPR4O25M,1274.0
6GJM6SJDA1E1NF5M,8133.0
DTO6FGKBK4FN1LLO,198.25
HEEF207RFNQ03RRN,803.5
T2KGGB0J5P99T7EH,2436.0
HMRQGB5M81AAS1AL,11.5
7BE0QE11GOPFHRPG,10.0
FO4AQBFFIR1LH7HL,8700.0
NFS9OQNGENC03LJ4,10201.0
2BMD9TPNCFG8PKFB,175.5
G7B932NKLKTFL186,1127.0
L77QH8KI3AMHKTI4,4587.75
8NS0LQ7MRPP6O858,6907.0
O9M4ED32KMRHHTTP,25631.0
ORPIBCDC8FNSR08E,2898.0
S45L4MRGKDG9G5P6,1392.0
0F1JDM2PC6ILL3MA,1948.5
KSMPHQJSL26JLBBP,147.25
4I8REHPINS8MF5ED,347.25
LDNBT1FCT55FHOHG,273.75
73TS6P3ARN81C9NG,3.0
TCJM0DK3SBKAOC0Q,3312.5
5P3K7T7F1SO0NQBB,520.25
ETAL4PSR5H0Q40AQ,1116.5
NG5BHLH2NA107TEO,2704.5
9T7EI2TMSP7I8KSQ,7591.0
6209DCJT0T14DMJI,3.0
TTDBTG97RIJ43009,181.5
TLGBM1S84QM7BC3S,2885.5
APP6M5MKR29AQ9ND,478.5
SB402MT6F90J8R2H,84.0
3TLTA7ITAREDB3HI,14299.75
C0R848OF124QD6H4,22.5
5Q6PMED0I808HOL6,714.0
2BO8RJF1HI82RDAR,9064.0
90SE0ECGRF8Q7CL1,1121.5
CPH0GG0AMF8P1T7E,1392.0
3D9KJQPQTDKNOAGB,803.5
2PELJ93S6NJ086AR,16934.0
1LOPKCHQJCDG4MC8,328.0
OI2RGS0OKDPKMETJ,8700.0
RIRD1Q1DL6TAQTMK,17.0
OJ04FRJAS6TM46EJ,6.5
JLT66Q04E9ATQOHO,11739.5
9Q63M16RHTHRSSNT,3312.5
R2IBDBMF2SLL6C6P,1121.5
I3POOROE1273SRS0,2885.5
MBO761GE4R8GQMST,1392.0
N0HTJGCHRIO2ICCA,6660.0
PCH3K6H41B0C4T1L,896.5
FOMICIMM524LG3TB,5445.5
E3ATLN5O1IL61QK2,803.5
CAT2BJMIE8SOMC1R,417.5
0HOPM80RP9ST99GQ,20.5
0KNIJ61BA5753THH,427.5
H9NC52A3EK134F4E,3419.75
8HID6INGR9TSTELK,175.5
FELPPPHPLH69J9P1,2424.0
DD6OLRT419OL255R,5445.5
OA37B695ND1NAE2R,1009.0
CEQQI8S0GOHC6KC3,2109.75
OB1ECBRIE0GT15J4,4112.5
C1DFPO91Q6QTJEEO,84.5
0SEH7F4LQT0ED6J8,2704.5
MN3KS00927GER5M8,239.0
E1E3L9R72SMO0RJ4,2594.25
R16SJD26NQSDOPIR,6660.0
H6F25DJJLDDJKBI5,16934.0
943IKRQP2IDOL3B7,5615.5
3401Q0PIBANDEI4C,3573.75
BP57JT3IIQ5239KO,1615.5
HR8NRSCT2DQCNL5S,127.0
F94355A8J5S793CO,175.5
45CNE0JKNLN5RC3I,231.0
E64K8P3AH70AIHM0,11.5
46BD0D8QFQTF6G98,7485.5
0SGM5D0PHC9TEC99,20.5
BMB6AS3AMOIERDTN,1862.5
AGK03KMPMHIANT31,4587.75
H6HENHB78RCFGM38,1828.0
ACA9GDQNF5AFD2Q0,4640.0
O54SL55IPTPAGBFJ,175.5
AC5T7NDFFCOKQK4G,4587.75
84REM9SLGTGJ5KOF,4112.5
C2K48I36Q4FT1MS9,175.5
0I5EOJ697D87PAAL,478.5
S88IL1TA22JH5T7A,1392.0
KINKCGJ3M23DD9R2,436.25
5AENT1MEQ6ETTISN,2704.5
7CEFCE8IF9IMDIQH,3312.5
063MPT719IBI94MM,3458.5
KES22F37AO0OIF5R,1392.0
N45EIG52J2A92OI4,175.5
2BMDLKP17M0S61QJ,3028.5
421B6DJS6G1RRB10,169.5
KMAETS8N348TOBAN,2935.0
2RLGAJTGH73MFDAP,629.0
D6TMI44R9LD00ST4,175.5
3QQCLTFNG9SF51CS,3032.0
42TE04C83J21A8H3,1583.5
8MORFQR8L7SK9NOG,3032.0
S1LLBF9OT6T0RJKK,8399.5
58MQFECQ0RBI5ENK,2732.25
APFJADH4G33HIDA1,3352.5
MB8LECQ57LTPR0QL,94.5
K2K3E6O973O730BL,11015.25
5KKNJIJLHMDB4QCK,436.25
4JBECFHQBIL4EKTB,1127.0
OA16FCG3ASR39KEM,171.0
KIHL4D7O7DL51PKF,1392.0
SG2HQ9J5PFBPHIO0,84.0
1TTQOFPM3JENLQTJ,7318.75
LEK5T0NP6TGNLHAN,7591.0
FFE0HFO16EGT5TI3,175.5
N3AJKR3MDEFN0M2M,3361.75
KJ7BTF2F56DQ1T8D,2704.5
AR8BIJ893PKA95GO,1234.25
IA51LF9BD7TPMJ3B,2184.25
T4SKE38QKKR5BF82,1872.0
P259I124LDGI2HR5,225.0
DQA1H73HOBJTBA2H,175.5
DT0JEJHQ1FD6H5J6,232.5
CR4T2TBJJ1SI39GI,175.5
2TL4DREO6N0H82KT,1073.5
3EJMO389BPTR64ON,199.5
EH1BP0D3TE1A1098,2824.75
0AFJO243L3L5FM9B,1899.0
HM8QBTE0O0QECAS9,7591.0
DPA99NJNGSDLG07C,360.0
19B5J5CNTEORL3H3,1392.0
6C9MJBEOBTORFIRI,2109.75
85H0L3K9FQA26QG7,3814.5
SHKQD0IOOBN4CGFN,9872.5
3GP2O9CC7AJIEAPC,1121.5
441KF2J688N5GQ6N,280.5
MBS7QQAE510AF4T0,42.5
9DED9MDT8GOFP6KO,41.5
G2NCO6PST2AE77OH,4587.75
TJ60N0P0FDCDEA4E,3458.5
4P7GTP528EMNTQEI,1183.5
N18GTDD6429BFKHD,175.5
7G067H3FTHGIDA8T,17.0
I0EIT15EBCAPKE19,8399.5
QOMQ60I7IBKCHF5E,3562.5
01HG044MB40QIQ3T,11.5
P832LCT9CCE3NDB9,244.0
P4KIAR3IT2I1TQ3M,34.0
BOE27LANL31G186Q,473.5
S7AQP51R6K0T0BA5,8133.0
0M6I2N6F9I5GI6JG,3514.25
MF4TLH1CAO035BKL,84.5
AQK3OTA3NCTHQ3S5,4587.75
3B29150QR9SKI7CE,2080.0
QE661G39IL85H1JK,84.0
G27HIQ4Q0R9H3J31,55.75
85QPJJK5BR6H5ONT,7318.75
M7FMFL3REH0I6DE7,154.0
S9G92R9O0B8MJAE1,7421.0
93IJJ8K92RM2OHLQ,1392.0
8I6FITL5J7S636J3,4112.5
3MSSD9RSGEQ0OD69,473.5
8LS5SNSKO1F6BM6T,8133.0
LMF8MCF19916F9FG,1253.0
4PH5K5LR41TLMP00,3361.75
PENPJNDN640A03CF,9872.5
0LOIQQOD78MSIODD,3032.0
198D3BBT852FRTK9,3969.0
I2N40QCQSLI7AKHP,3458.5
NEI6HGAGQTFTFIB5,2938.0
FP5QDNJ3C9EG6S7I,3402.75
N3S6NM082ESSL11N,7591.0
M92GSEMRO3PNNT3N,5445.5
K8STBKCGB20AMTLL,9411.25
5P110TR46MIE8871,6660.0
MBBGT7RMKDNDQERF,1412.0
3MQKM6I09CPHKICD,11015.25
HNQTT5NECLDDB68P,368.5
9HEEP9748KSCIFG0,9872.5
BKG9800JFLQJJTRP,4112.5
QHS1JMJEK7O3S5RQ,2381.0
NF91BK3STHGNCJKL,129.0
LRCNH624O01QJM2C,19253.25
7MKLBQTF8RPKL7E2,175.5
39AEFH7N1CKHDQOJ,6788.0
CQF4CMLL7BOBKLA7,428.5
761FOKPNG6AJ2R2C,436.25
B9NLMS5993SOOD77,1062.5
DP8NS0DD1KDLNPCF,9872.5
B0CM1HQFE65973RC,5445.5
8J2TII36KI8SPSO9,11.5
6QN1E4EMN1P6TMDR,421.0
68703M8444I4CNBJ,3312.5
G057I7TH5JK2NEHB,3361.75
QQD0R497D5FN3O2Q,1791.5
JM4N1JCRQI5PL8A7,1297.0
LTGQ67BBOQNP7A6J,7974.75
KIF10JSBDR8GMRT7,11.5
2B2Q5F95OBN5JC7C,6309.0
DQGRTDBEQS8ES6TG,175.5
NQIBB0BCOGIO71QI,714.0
BSNKEN816BJKPTOO,1862.5
T4785KGAMPQEH6KI,2424.0
CKGC9B6TEGEC0MHL,4587.75
Q33C9ETJ11M8JOMH,11.5
66BTARSH0FESNG6I,328.0
7J0C0CPJF4ML8ASA,9933.0
BNKPQSDNCERTS7KS,13641.0
CEFS31F1S4GHSR0C,175.5
B2TD955R83K1TKC6,175.5
QTT38HLT9I4CLSB2,322.5
CRDCI6198QQ8DCAI,2717.75
S8GF9GEA8SM5214B,175.5
11SRGJCE1CQ3TC10,995.75
JKSFNT02H80R4L5C,148.5
H47AH7T26D0RN7A2,1392.0
RJHOSDC70GTL9M5H,1392.0
CDG01QQ7K784COS6,427.5
HRS1782KH4NL9LCA,108.5
GQBMSSEODDEMQ1K4,7157.0
PLCPB8MOD6M1K1DN,16435.0
14Q6S22ENGDIHA1L,13641.0
B6CSL3J5SIN5GKF3,17.0
TAFF925GA5T7PEGP,271.5
L9MSMHM49OB30995,2424.0
PQ4HNT5T42EHJC9K,171.0
CDM47GLB90K1DGC6,1122.5
LH55OBIOT2N7EGHR,8133.0
4G783E2PPTN73A0B,3.0
Q0F6PILP6Q29JCM0,2924.75
48H3ESD87ON37N38,273.0
BBHCT56KJGD4S0LR,1392.0
9PMJ4CBE5J7CNERN,2924.75
BIQ0QR4ETMO0BEGC,2436.0
HJ4DQQAL27COT9GK,6788.0
OOF02CF3E6BO0OIR,2704.5
EE6919NSTCCF4OGA,112.0
S6BHDADLL1LFO6JR,2436.0
B6SALP6I514DMKF3,8399.5
9MTNMR26B26ST162,359.0
S7SNQE03P9B0MTHK,3361.75
ARD1K2MIHS1KTM2D,1412.0
BN7T57PE3QEM40CQ,3312.5
4DLQG70OPO3A443T,4512.75
JC6J7TCPNARCA3DN,478.5
PNC6TIPMQRBS6FQB,1392.0
982LHA1I5MBFSDGE,29.0
NH237TR6MHBHNOCR,4341.25
4RCM7AM60J227M16,347.25
CJCEK01KSDIJ047M,232.5
7G20SEL9I19M91DT,312.5
K6FS43A9D3LDAO8E,94.5
BL4BG9J2O77TC50G,5445.5
6K66324LAN2FM2F5,436.25
8SSCDTO2LDBHGP05,2458.0
31EIC3QTRQK7FI2I,3.0
AL8PK3KQIG6TA76T,643.5
SSDRG5LG7BSO6EGP,11015.25
1B5GDC3794PSFFOJ,175.5
GR3MQ52DSRECQHC1,6788.0
TQQ6INR1DL68N4ET,2924.75
K31C5CDHRIRAOI25,266.5
ISN5DA2T9BM2DG81,171.0
PS8M8OTDAIK811AT,2486.25
O81ON6CK5AMGCI6C,3859.5
54T3T99M38DQCS0A,6.5
Q2A8SECECJEGI1NL,478.5
15NA7607Q0P0B00H,20.5
44K59E4C3DMJ0RAN,478.5
1HO0MGMMB9IB15DQ,5615.5
F58F8FSN073TRTKT,1297.0
LHK08DPNSJC7A2QA,6660.0
625G6QGCPJJKLC6N,175.5
CDSO9I37RLHABTO0,41.5
Q78GCP6249HOQ6HG,1392.0
SOATPKC3HHRORTRE,1392.0
6I9CNH9T9P1ID6JS,1828.0
H6GOT8N5C65FRFP9,3100.25
GSSD8LEAACRGAA8M,13641.0
CJSKQBBMQMOLP3T7,3231.25
HDDAM131NDCTEE02,421.0
OEBOHK8SJ6Q8PNIQ,5093.75
A7NCBKJP2D2GGR2N,1392.0
B57JT0L0NIM7LIDP,1862.5
LBKQ86303M6KT89J,175.5
PD7PNKQ7FCM7IR3G,139.0
H4R9O6HFB62S7DE9,55.75
LO5FQD35NNF6GT2A,1681.75
NJI7F0BS2COB00LK,347.25
GEBN4DJI506QJLD0,2028.25
IEB8ATICPODE18B3,34122.5
ED5T8DKHQDRSCKQ7,3458.5
5T4AKJHR1O8AL0GL,478.5
OBPD40FI56KS29IB,175.5
R60OG7LQ14AJEJ8K,4587.75
TSB3QL9IEIJK85CP,1191.5
8N3QOEBFBFBDPKO5,2308.0
T5Q43N5PP4NS9J82,13641.0
QK9CPKIGAD5MCDTK,6660.0
Q9QMPAGLF7GKLP3A,3535.75
12FL92J9NBN5EG7A,175.5
OS96HS9MCJNP5HHO,421.0
OMTBAG3F14BL2EL4,1465.25
F1KQGHLN9GBHAF0P,6540.5
EPI5127EJTHNRP1J,273.0
BPM5MFP836AR35KE,171.0
S2H604JJG502EROB,347.25
8JDH6F6NF7056KRK,8921.75
EJ283B3E917KCR5L,41.5
4AICN97BQ9B565QO,2486.25
SOIN2T60N1AIFFIF,1718.0
85CNHSEHCOSROR2H,340.75
GR976OK06CQHIDE4,1781.5
8K86M8H1L9C47AF7,2436.0
QQ558Q101O04NCOO,890.5
0QN0BQ4TNFLQ6EQ8,3535.75
3PDSF1621LLTBGO0,43.5
TN4BLNDNTGH1G8PO,2109.75
9SBT98K4N40SQ5AQ,7860.75
RPKMHCMI960887MF,84.0
0GJDLEF7B9K5BC3G,1862.5
PNQLJFEMQONFAOFS,436.25
BOB4FLPIL0QPALJB,6788.0
AN485COR7LN6AD2L,6290.5
7M10I6O43RL6NOTF,2254.5
IBMC420IB5MDEKOH,714.0
OHQ6QD7F7DBBTTB6,1183.5
LG5D4IAQLB44J8QL,8133.0
D3F5303JINO3GOS7,3.0
6H0ARGB62C0PRCOG,2946.0
LGLOTKSCTEMB6P49,8751.5
P8OD4I7O48IIT075,9064.0
EPH63HDJOF4OEI7A,3419.75
OSE54487LKK785N7,421.0
CM86GGDEM847POP0,2704.5
9A37DQL75EOJCAP9,6660.0
B9LG8M40F4MN9T2O,1392.0
REAMHFMQHPAKKG2H,436.25
3AL4OPR9E50I5N45,175.5
EA97G6JB53JJ9ORP,225.0
303BLQEAIAK047RO,436.25
334D4CK076OP4N96,5143.5
4E3P3T2DIC15JO4F,714.0
CBNS13FEBPD22GEF,182.5
SSO6LHSCQEPF1LDE,2109.75
DR4C8AI9TA2SHGTA,175.5
8PBLA7COQOC1C3NK,4715.75
K2D5B8ODHJOBFBKJ,6660.0
6LRPH7NSL1E9T859,4715.75
JSAAM10Q9BG68TSC,1620.0
EQ4CEIIS5EEA9KPK,2903.25
2ECN14ICLN4SFI87,1861.5
R8LJ9BH6948LBSKT,1828.0
M2DD5D1B45BF2Q34,2424.0
E4D6ATS14GMDSJEP,11.5
LQTCFF03F5B3GDAG,22.5
J5G68005M1SMA0M2,8128.0
8JARER47CCQOQCIS,34.0
LCRQFABOT6PBF3BF,22.5
4MHL820B2ORS4JEL,7591.0
KH89RFPTP6DQAAEM,1183.5
SBCM35F4B45NB7CO,4587.75
K2HPN1OI1TNR62O8,2109.75
KOK82KBJ5LK34BR5,6107.5
CTE9M3LO89QSCRIA,1828.0
G510FGLA6BEL9PHM,3361.75
Q898FJACSPP4CEFS,2109.75
4HJD2O6LEGS1OSFF,415.5
9CRA2J6NJ7RNAMB9,694.75
E857DC0S7NLHMLOS,4112.5
D05DPQC3295794B0,1918.5
DFFBMCE2QPBSACIF,175.5
G2E566N7M58FL52C,3231.25
564CFJH0GHFK6DN0,1387.0
G3N4E9MOHOB882AN,4587.75
G7M8I7Q6P5A2G32F,7318.75
QA7PAMOIO9EIAE8J,422.5
6DMB9A1BO321CSHI,2704.5
N1SQJE4G8GDH7S61,15114.0
2F5TORIJE38FT0A9,1959.0
EA8CTL9IPKNJK964,1681.75
EQK4JLRGAFQFI888,175.5
FC0BOEI2GI2JMBGT,10.0
6JC963NATIPJLL82,1392.0
2A958ADDQFE33I9T,3231.25
N9OBEKGHOO54RIN1,3312.5
ID5KC0NHFKP3MM07,53764.5
FOJTREK09NJO2OON,94.5
QNM493M86HL94MFT,1037.5
ROCG43OA921P4HOM,1121.5
90GS6A43NPOH6KBJ,1062.5
0QRF0M1L9OMT7CNH,1392.0
94RNE0JEKFMQR9G2,3.0
QOJNDMTA98D50J4I,328.0
ESSG99IS9NDRKC4L,2526.5
K3DGE19E3CGRN8AI,430.0
BISLO11SN6NT0DGG,41.5
D1MCMQOCI3A69KPC,175.5
7A22R01AFMFF0HJP,3361.75
7036080SN589BLMD,182.5
ERT6RSDPQ14K6OQM,19744.25
1PIK0IE9JCBLJMSN,1416.5
0OSKOGI7OL3D748K,436.25
PFJ4AP21MPQGM9DS,3312.5
SPJRAFEG7DIJCQRP,10206.0
28GF1GR3MEODBJ07,9933.0
23N77S8PHTJJ7AJ8,2576.5
BQMF75J17RPNQPHF,175.5
R05B78D5DSD1AQ5G,4519.0
4656G0ANM997I365,6660.0
SB76I03CP2S6NSBE,545.5
EMD9SPH0K6DHP936,1392.0
KR79O270DBHNQTSQ,175.5
7COJE2B8ITLMPNOD,1392.0
G1C5LI69TDPLG6S0,8133.0
BRI58H4NOR6A8QCD,2424.0
T0H61HT3A06J51G7,3543.0
57H72382Q727QTCH,2.0
708BD5Q11LJD0S4T,318.0
AF6KICSCINQO6152,2139.5
NMHQLB4T90LS73EG,1417.5
308DCN2FJN8EDHCR,417.5
IC77SENGT2SFLJP3,6660.0
BD3KMP37J6BC9P9D,2293.75
JATEJNE29J0L2H4S,1579.5
2E3KEPDRFPA17RET,154.0
0D3HB3GA10FD6H9G,198.25
BLC1INF1KND9K94L,175.5
13NK37DS2RROC1ES,478.5
06MJMO791GMB6Q41,1392.0
2FDCLFRK0HJS8QTB,5892.5
R3QS4GDHTIF2OSE0,1828.0
EO7Q12MM6KS8C8RA,492.0
C3GGPB9G0SG4TGBQ,1392.0
PNHR8RL0GLGH3LGN,16109.5
I93IS0QTO39Q1RIC,5355.5
O9RDQBP5TD9FIRL1,6660.0
BSB8NTTK06TMHSAA,427.5
5GII903G1JGR434P,2424.0
M3ARGSFJ71018P24,436.25
RGHNJKO5QAN4QLOQ,1392.0
851PD431MGGLOLHD,15114.0
8863D882GS3JD7O0,4240.5
AR7P6J1HK4GJKJ3L,2924.75
D7357S88DDOJQBSG,232.5
5QQ4Q016R6NMC3BO,8688.75
DCP16E9I72187GHP,1347.0
SP7Q88OSR85IN4NH,9064.0
J7ETFG14IE6A2BIR,2924.75
6K2R5ND9MC59OE0D,1392.0
S1Q8EFO38RJP1RG8,3312.5
S76FS18BDGK1PC7S,7591.0
9H128MB9KAEDPPAG,9064.0
GKTHNITTJO60PM5R,43.5
5IQJCQP6252D5STP,397.0
RRNADFB23CEK3EL4,5469.0
6BM80OCROFCMQR24,21098.25
0N83TC3BREHK0LRO,3373.25
TNE0QIBP1G8N5HGD,1688.0
G7JF9P3416DHNKFO,5795.0
7RF4FK1EF83FH1T6,1392.0
ET8D1C00A2LPTBKA,1352.0
6HHKQIR5Q2Q3QQMF,2332.5
87E8G855PRLO83M4,2424.0
7BTJK0PN6PCS86GQ,344.75
4EM05NO70GA7QP2F,328.0
1AK58H3MDM4GEHIA,5615.5
5E8H7OSF413LA2E0,2424.0
LCDL87ISTJGGJ785,175.5
IFTCKHQ74508BB6O,10918.0
7K3OQ59E54H1RRI3,280.5
E54INP46O1DM3E5J,714.0
H57GGH81JLBHFKRA,3217.0
J15A4LAF72HDAD0I,4383.75
PDIM22RJNB61C8AI,3312.5
2CQ69D85ET18M586,32.5
I1NQ1APP579C77CL,1415.5
D51OGQ93AQR80G9K,10.0
QM5H2FO0C9B96SO0,803.5
9QO3HG33KHAN8KNC,11869.0
31AG29GK235N5B7T,232.5
0674FBE3GG9EF5A9,7591.0
JCHKH5K1BEJ83IO8,8261.0
0GS4DTJ545AJC5P2,7174.5
JR2PR8DCAKF1044C,380.5
DHTCG80HMN9284O3,1918.5
PDQ5N77RGIC1K3O2,436.25
RI9P6KMBSRKQ1FIH,1.5
CKMI4JMS0B931N38,2486.25
50BNLH33TP19IQBG,2109.75
8GJGFTAR5DF3FDGP,1392.0
9F1I6ADGSKQ8G79M,1392.0
IG9DIPQRDTOI9BPH,175.5
PLE3PSKLG2IT3H3T,1862.5
F85JRTPECOJ9396L,175.5
PS2CMKSI9FJ3FIP0,1274.0
8EJJFI1FN4PS9AJL,277.0
02CBLI3E9KQGKNFR,7240.5
QKFSI9EEEEC3R00F,7860.75
I33K2RMCFNN7JEC2,2032.0
SRN1333JA3AN1QQK,28860.0
O8RFDDAON90MD79F,100.25
1RGGOEENCGEQSTL2,740.0
537I074DQ8ETSDEC,1237.0
0401QB9BCDIOMBNG,86.0
R26BLRROGAI70178,409.75
MFG29QSJMM33R35K,6660.0
BORTHAD40P7PBKSB,2436.0
6G35SRIAK2JE6OTN,1579.5
1B5GPBGGF67RD4G6,3419.75
SD4SACCDQ6SAGAR7,295.75
HN3HHA4D42LTM79S,2424.0
K4QTIM9ML8E0G7F0,1392.0
LE0DSR7ID5MDMOSD,152.5
71QC0AMEKTPC21CS,1918.5
00406GAJ0LMI2NDM,8725.5
56KMCBG9A8H5983J,1676.5
P9EP9HNC4I57F1T9,3.0
DJDSPT1CI4DB1ANL,1392.0
ELS3TNJF7B537R5I,2704.5
B2THN4LICNB3GJS3,3100.25
LD10SMNLM7EG1SB2,347.25
O3R590QD3P6I5DTG,478.5
6RINDLM586PH9T7H,347.25
2KAQFL31CQ962GH9,3032.0
62FMKHA7OBO6RHPC,1387.0
E8C7O1928STAH5RB,2935.0
RJ0Q9F0IPHMRBAJC,43.5
8DDSSE236BRGSFIP,175.5
860FO15HB79HD9IS,5795.0
QPI6I1QH60QP38I7,3514.25
7E7KQ4KECP63EPRB,207.75
PPR1T1LBA5307N3O,328.0
FIFG42OQGKGN8J6O,4587.75
291CF1039A4I1I85,50.5
LFQK759M55NQTT5I,417.5
M8M0I6FKDCEBREI1,1245.0
1N4P1O8DJGO3NGKH,11665.5
MQMECHE5JF4SP4SO,175.5
DKI8O4GHBPDI80CF,3419.75
GIDADFO3DAOALGJR,5469.0
JC9SSASKNEFB67MF,545.5
0MENNI0KRGI47O37,2424.0
AD8M1LIEBAGHCRHG,94.5
6NJQ6PD66CFDJE7D,473.5
ME7E68MCPFOFGPTB,4240.5
Q1DGC3270TOM9117,11406.0
1PHMSN777IEAR1OR,3535.75
CF73T8R0ROQME6OS,324.5
68533K85GOBDMH58,803.5
997T33J096M06MI8,3467.0
F4QR63EFNDO76K9C,2109.75
7M0LQ3M166973QIJ,347.25
TES0BDCRL8FJCQIK,436.25
TI6JD20PMLMBAC3E,4587.75
3TI8EPG3O0C87SPP,2053.0
IJ9B2F8D9L8705P1,4715.75
MSKNN3H01EQ6J5H0,1347.5
R84N4L7B47BM88H3,427.5
26S8TG9LAHC1HJNS,271.5
TNO94EOBAF7S3LRL,3580.0
JPLFHKL89QDBDN34,7591.0
7J4LGGA94R4D9M04,12488.25
QSLQEI8BAIQIQFBS,4383.75
HLC3PGDMAQ2N6I1L,2935.0
HF4TJHSAPCIALM4C,2436.0
M5BETLKP4HAOMENA,3419.75
MRJQQKSFS0DL6O9T,1779.5
9I2OO51T4F8TCN8H,2109.75
1GO04QOJ7B2CQEL7,415.5
RMBH795LOHLHL9H8,33.0
728TT7O7L0KRBJK5,26570.0
38RP2RH76HQ8DTK1,328.0
OJKCM3ECJB7G0M2E,1579.5
LRD1DCK7L0TRQIQG,1392.0
RGHR7OGHT2ACCKE6,1392.0
319HTTN1QJDN7IRC,3419.75
K4AGL6MOETROTJS8,175.5
S3060F6DN40SA1LB,2028.25
H4R8GESGSMIFNMDF,5143.5
PAJ3OM3LC2OMPGR1,12849.0
8H6BCBHF3J1PB6Q4,12488.25
S6D4JALQL63MC456,1392.0
J7Q5P4ICBRCP9ICO,803.5
99JECISO7D5CIKT3,8338.0
RA6S94D149S3IOTC,1347.5
JNRLSOFJ48DKGI5G,4.0
LDGTQ1HIIQPTRL7Q,8133.0
N5AAFR29HI2285GA,16934.0
LS5LK590J2H2PELE,3032.0
6RD0BM1RHLKGCJ2P,803.5
7SP464J06MQ6N7AH,12488.25
RJIBLL8MS7C7LIPD,93.5
731M4BRQE6QLO522,4467.0
L8P22L11CIS8639J,1653.5
1C1OBO4TFAC8HP6D,8277.5
RJPH047BKQ42FR3C,3231.25
8OLHCKMGA2S157QP,2486.25
LLKA93S2S53C3320,13181.5
FLRPT3JB82H8DL3G,283.5
E7B7CHI462T7LPLM,1658.5
6JBE24TK6RCO8GLS,2467.75
P12ADTD01NCMK8OH,478.5
2S9758BIAEH288H8,436.25
E9RBK51RN8OHSD6C,266.5
9G6HBDQAHEELQ09E,478.5
7C0DKL09BM799P32,1828.0
N4KEFINB16DKHBN1,55.75
PS9CIGE4TTMKKQGE,3.0
RG8S262RQDSI8NHM,416.0
FS5TE18BF64EPNHB,1412.0
G61KDF1CODEP61K2,430.0
0CTI742QMMANCKP3,12118.0
25MR2QTC3QO7QO93,580.0
8EOQQ2EQLPJAQ7MG,7591.0
K0OI4ICOBQDLIF7S,4587.75
4A7JFSR1P3EHA825,3294.0
D4QB1HLO7QSBDCLL,4393.0
C9LQ2RT1JCF9TCMA,1392.0
RFEBJ59BQ324MM6H,5304.0
F2B7498GED22HDNI,478.5
75LLBQGHK5T95O9L,3312.5
PQP5QOP7I16RCR1N,175.5
CFHR54N9SP3057ET,328.0
MDDBB6HOOOHJ729B,436.25
B6IEH49F2FGF0QRH,436.25
2GF6L6SETAQG1S8I,2424.0
6NR00EJ46696QL8H,1392.0
F8JEKC425JDBKG1R,3361.75
R15DA7RH69C5S6J5,285.0
BSGE274FHA35DJR1,8700.0
L87L1H0KP0P2M000,120.0
MEL1G84L5CKAEK82,417.5
J32IN9TMDO4I1GHQ,347.25
77J5JTF56QONRFJF,411.5
A1D8AMP306OPH2ND,3312.5
GADEML56TQ0NR1OJ,478.5
Q6KT3FDB0QK9LL1G,8399.5
OPPH7LJFTSIPERHD,1620.5
GJ109F51IQ0T71PC,416.0
8EJFH1AAS5T8C17R,421.0
23LE9PALBIPAA76D,1756.0
NSODNEDBIBFBBEA8,6660.0
OPP959346JCIBFGM,1392.0
E3OBN43JIQ62B5C4,175.5
Q3RKSLNMHP1OHG6P,34.0
CHD5CD7L0BQSA02E,421.0
06FCS7PCDKMM33PA,2886.5
LRPBD8KGS1CN7IRG,2717.75
9TDHSF62ER3MJ724,8133.0
Q24F8LJ0M94KRKF2,11014.5
7QIC8OIMF3T2GL12,1183.5
HDB8MAB335LEEKOI,2436.0
NPN0RNGOTFLKE3J7,13641.0
BFTL94LQ76B9ARJF,10224.75
0H3OGP26SCRC9T10,2885.5
DSTC6IC7CBS4QLT7,520.25
2O8PS6N9QA6L3FI7,175.5
3O93QOMQD2H4DK0C,7591.0
P558ESLBFSNLOPBL,1009.0
5KMNKS9TP65DN453,5450.0
1SR6AQ77E4AH7LF5,171.0
P2FD3CCC1RCB2SCM,2308.0
EH1E75HEEFB0TB7K,3028.5
94QFKKNSSDT3760N,1033.25
F8ID6OM7PPG7SQD5,2924.75
HGTQF39AM919KK1N,5615.5
T53DR5OADGM6F9H3,175.5
C8IKS1INMP5FDJHR,154.0
Q1BGTRE7IFDBSPE2,13641.0
9S0I86CMOJG13S6H,2486.25
HNI26KG69LFBCQ5T,2424.0
2AS3FMHJ0I6Q3QOF,2924.75
C8GPGCL66ORLBSD9,14299.75
F8ELHMKQ1JGKT2FL,1412.0
DP8MTGH88N1HL1GC,2614.0
845BRPLM0FQCC0PQ,13641.0
A2A83H9EC0EMNFDE,2308.0
NJ9FLPACGMDKCT1T,4868.25
P4P76NB9CD74B08E,198.25
50CSS64TGQ5L8AED,88.5
1JPBHKG8663SI9I6,436.25
043ML37RA2AICSR4,9872.5
F8ICPN2E6AGQGEDG,1392.0
5S3JIGI8KOIJ8681,347.25
H8M8MKC4G25BF5TA,2176.75
20IGCMQR8RLN2DEF,11.5
TREME0T184CRGSAD,1352.0
HGT5FT9GN8PIO33O,436.25
R3TPRN2BSH26SPJ8,4157.5
7OO1IB2SBH2RT24N,84.5
GMIGSTLELNMAJA5A,2424.0
7OR79HPBMLIFDP63,2424.0
DNPA634GRHRSO6FN,171.0
5EGHQ3DS092N3LK6,1828.0
9TKA61RE995HR1NE,322.5
H40BBKOBC50TML44,15114.0
29FA682798OBBHPR,1522.0
0515PKQO9O9QLA0P,11.5
FL3LJ8JKK15NJFI5,154.0
8NPREPLE59DBFGO9,1578.75
KI26OOBRBMJISEOG,7860.75
EQMH4JF2RMNS04TS,436.25
SO11JSMQKSE0AJ77,7591.0
1IKQ25P3Q83KA42S,12488.25
GGMMB8JNK74I9H0D,2599.25
C1OLJ5MI12DD6CRN,175.5
LQ3ML3B1HSGRSDQ7,174.0
QQ2PL1JGR40I8PS7,1392.0
OCOGEA3QMG2DBKKF,175.5
616IF8DDT23G9LS1,714.0
FA99R8H6IFOQ01F5,2436.0
SSH6KGKK1TOQIA2T,155.0
3H68P6RARN5O45D9,1457.0
KA6RIOB33P76JCM0,347.25
6HNLFOQI5MPF69RJ,409.75
5LO6PMAC2J7SI126,17.0
D23TLLLRM828ENKE,195.0
EDQTC5E8DT9NF15A,4715.75
A0KHALK2O746TJ34,6660.0
H9Q20144H13EFT3M,175.5
KG5PE755Q0C18TNG,8245.75
P8MO8SEP75PLILRS,1828.0
QI3FKC28TT2NPHRE,1387.0
48QOLSETOQE496IB,4393.0
J5MLMK72P46R9919,1387.0
4S6R588J2SF98LI3,546.0
4FAKIPS99HQHEC85,2254.5
TJDG1ENQ4QTTJP4M,8133.0
QGP9OA5SAMSM9HT1,42.5
RE83EC6A2S97LL1D,175.5
9K6GL91J22KJK6D8,347.25
H3S2LGBRP5N14KBN,4715.75
HNTNB538C3KON1IN,244.0
B0FMEOO0BNL2EE2N,6788.0
4HP8JFNSIBQBDK70,231.0
7NTJGJT768HGBA0E,139.0
AE5BRORC2B1K9PA4,6660.0
I6ADQG7QMEA1MI2B,3969.0
JMBD8QC3ROLDMA9D,3535.75
8FGTD099789512FO,2424.0
FQ43LH7817GO0EIG,803.5
1GEC2H1HI5IDJLDB,5615.5
DE4S968ALTKBO177,3.0
TH2RHKNLF9LEQB4L,2424.0
QQAIHTC6CCP6T7N0,187.5
ILT3O030FSSN560F,84.0
6C8R7DI658F4F6T9,6788.0
CMHBFDOC82JROOLI,436.25
8PA0CTFTQKI6A16R,1828.0
GP9KRADHDA7N92DS,7633.0
14J3IS6RJO0JRCBA,3969.0
0IK9CJ3LO147FPIO,3048.5
DD3C369SE2HE69CS,1392.0
OTKP369FGNP3OHKK,3573.75
D4EMAB0I3DM6D1LR,32.0
PLBB0TA0TK39RBFQ,1387.0
E1T05K4QFA0BNTP1,368.5
LBB0CERATOTKTL9M,2424.0
6KAEFP542CF3HRIN,20.5
95RCGPN5HOB6S227,4715.75
7TLPBLBHBH9DH27D,3573.75
1TA9HMP97F16H314,3535.75
LANE0LDLCF9E7PB6,347.25
16L94KIP08RHMA4Q,175.5
GT7DOR091S8A3ATC,232.5
4181SII3G9R55GP7,714.0
ON2DBD71J2RSSLKP,2594.25
8EFIP676AS7MHLH2,478.5
QC6BEFKI8GN4OOLB,6660.0
KG1DK5G2E50DGDNL,2906.0
1TQ90R4D2S73262B,359.0
DPGG5EO25TOERSCP,3312.5
1CH55SSEJ128QC67,171.0
J727THT54LJBPR6K,7591.0
1E594BRO3EDNCPN3,2308.0
81I8RJ7MMBOA5K52,3403.5
D08H88QCG6CG783J,8466.5
K1O4RB61H48BO8H7,1620.0
HIOEQRD021NOTM60,2424.0
JT8CCIS3T6S34TN4,3535.75
S769BH70R9744COH,84.5
3PL1I3NPOGTSJSK2,3373.25
BI1IFB02BDMRCKAN,127.0
9SJBRGAK9SMKMGS6,1481.25
DQTHIICBDKJKOA2R,1579.5
8607AR9M903Q1T63,55.75
MC7FMS5ALQ6N14CS,4157.5
BJENBPMQNHMO1RB7,34.0
G788PP8MBEJTOJE8,436.25
K4J576H9FSRQ4RGD,16767.0
ICDECHA43B5RAOC7,9564.0
9R7LQBOBSFB7EADI,2424.0
8OF9599ID0I624PN,4512.75
0DPK8O100960D973,271.5
FLHMPKHNQIIG6MS2,9872.5
3L4NG4LT8N2GPIHI,2326.0
RCFJDAMGDCK51K56,1387.0
03I1GDQTJ9EOKGG8,3514.25
NAFQA4BTEDITPDHJ,492.0
1F99OHIH3G3J0TJP,1392.0
NRI2FG8O1Q8C8RFL,2935.0
PNJ83ROKN7298KE0,273.0
NH10IMSO9PAH6EJL,6788.0
1ASKNGRCAKF0K2PB,1579.5
20H45TBMJTJD48CT,2704.5
046NI3IOH90L5SOA,8133.0
CLBDNSN1HM1GAT96,4112.5
569QJ8HQLP5I20SD,2122.5
JOK7KKI3BNA60MCC,1347.5
P4BEFMPRP2FSKRLE,175.5
R1KO7GN4KM4LQLGE,8133.0
26AFCP0MA598P3TQ,175.5
1KDPN9IPJJOO44DJ,8040.75
C3CSR6062HQ5GJOE,2424.0
40P9S2BAP03DI0R5,15708.0
5NHOSK3JJ4J70J5E,6660.0
BFNBMGJ4PO6S2N7B,15114.0
321KJB1040E2KO6P,94.5
520LAL9IQMFFC5OD,2898.0
IE6OC6GJBMN6HNKF,175.5
6FPPBT8PBS1HMACR,2886.5
QEMJH5JSN3462GQQ,84.0
4QI7977P7F30LQO9,2424.0
HM0NQR2185TNJD5J,1392.0
11B6HCHMQL21KTCD,328.0
IRIDQEKNAH0RMNAH,417.5
NKT64JF3DJ0B9BC3,6.5
QG0OONCSGDJDQI52,181.5
G04RMD08PC3JFJ1Q,1274.0
MQAB9KMCBKGIO2DH,1392.0
4O45MHL3DCF7C8BI,1387.0
PH2ORRA1T53A3JA5,415.5
6828M9CMP63EOO18,8133.0
8KHBNFT6K5NIMGTO,3312.5
7I3QCE5LMTMS0CR6,417.5
KEB657GQ3J0ESOHE,328.0
R04CADKICJSDMRQG,436.25
J9B5DB45FDTCBL03,34.0
KF826PIP0R9PTQ18,100.25
48OODSJ43HE4B32D,1416.75
F9K7LI874I5APSP7,1591.25
139FJPF0LEH2IAKT,3361.75
22AMFC8H4O9DTGI3,2109.75
RPPQO842CO6R8567,1297.0
87BDBG7A0L5ECHN1,347.25
LDSIIE2I684L4HCI,6660.0
8KFRDF90KT0GNE47,1183.5
D52ARKLA7C4F4129,347.25
PCK5GBCTHR7PDKDO,1392.0
RHN6SI1TD7HITPPS,1392.0
IFTME3445E11E0S5,3212.0
RA1D32R946PMCR82,175.5
KTFO66JSHD4743IB,2436.0
FQ577HILHCFETC9H,6660.0
92NTGSQ620I0G43M,7300.0
NTOQ2I9ICL8HSINC,3573.75
TA0S5DT743JNOR7O,84.5
O89NCJKCFD3SOOQ0,41.5
7PECID5377KRNFH7,1887.0
8N7IGEEJNDJADO87,15708.0
5SG3PET4LT2FMAML,4587.75
R0OOTFIEPSECO06G,1387.0
LMFRB85GK31G0IJK,2732.25
2JJHSS8P4OE30ICM,2935.0
EGBJJJEPO49RFIO2,3312.5
I1A5LDSHG5R435CC,11.5
3INOILG7L20K7CP4,2417.5
K8J0235SP5P4NOBD,175.5
QK8D0T5ACFT56DJ3,447.0
3F6BN19ROFDMCBL2,436.25
2B4KMCC52I2586B3,541.0
06MS5958QP12C4BI,4112.5
D31O9E4QKBK65GHC,175.5
HEP81K7MPBA5SF4M,1392.0
8JNM212DHQ73N38E,1392.0
APRAEQNNPIAK2G0B,4112.5
QMQ3HKAM3ILCMSEL,2924.75
2RG0BPA2KPED7FBM,3600.5
12RT5Q3HB9TRG88D,20.5
PQKPNBO9SIQSO8NJ,1408.0
1H19T1DOPLNM4TKM,3231.25
1QTGEE63JI8PKPJI,4212.5
4EHGQRG6742T1BO2,55.75
AL2PH2JRHI9CQER0,3294.0
IBLNRK3TELQKHFL4,802.0
5J6T9C1FQLE2K7FH,1392.0
SLHAMSSOELIB28MM,6660.0
3DRS0EF9SDI9TLT2,2.0
F90JKDRCM6A7EJKH,174.0
6ABNJPBGOO22BH8R,1127.0
EDRNI75LIGIJRF77,110.0
KDEF5G4ACBBM9TAK,3293.0
O18D1T7DBLQH1MC1,436.25
MI1SCABOR8I70PRP,436.25
NF6I96PEQLMCATFA,2486.25
SG55EMCACMNH4NIB,6.5
4HCQI653MF5CGKOL,417.5
0524P5KA15AF11TS,3312.5
NM9BK44CEHDJBAFH,1392.0
AN3SMF3JGMMON491,7300.0
NO0DT52980O3ITKS,436.25
3GSR025RP709CMNM,147.25
L2M4B7I5ESK4RD8N,3397.5
GQ0CBJ5BJSSS6TSR,1116.5
39TSS99MFM57DEAR,10206.0
QGTP8M37DF6MDAT8,2.5
1F7N75I7JT8T72ON,3458.5
MFK1585CC73E2A4P,478.5
37KPISEK6JL0A8EA,5083.0
GLJ11IDDOOORELF5,1392.0
F0C962EIP13Q0537,4512.75
8D0E94D8M73S4JPJ,1140.0
6O99F6N5BP8EQKQ0,2935.0
QGFSKPNM3M5ACOFK,8133.0
9QLSLTA1AOPRSD7K,4587.75
NM2BNK33PBAOPAF7,5469.0
BA3KI113NBDTR4C9,1392.0
6T89LPH5CAIII9B6,3312.5
FSS9TECR62O1G320,5.0
KOKJCH5MKCGF4E4R,8133.0
9012R3AAEJ4A8MM2,427.5
25B3ALLFMH185CRH,3969.0
A6BDNSJRMJEFSHIJ,1274.0
FQ89GPHLJI6P8AST,478.5
NN19BKEJPEOK4CON,11075.5
0P9O0151KA4DOSSA,7240.5
4OC4DS18CAICOA34,8133.0
JO5Q7GDS14DDCQR9,436.25
GACEQDLHFONKFNEK,5.0
Q9ENBJEH5KMPE6OC,74744.5
16CKEPGJ3SHF1LOL,11.5
O58P42G2S418F4J4,9933.0
APJT6MJGM6QNR1MP,8261.0
J7B59G4A6IR93BOH,84.0
2O6TAREOCK78PB0T,139.0
MOJODQCOAO8RLHE0,175.5
LGG2IHHLSM7L4SD2,3032.0
S4G8745LI9F2QCKQ,3373.25
DBH0P8NIE0KNI5BA,4587.75
S948Q11ON21N6FM3,55.75
QS3ANHS7934RAIE4,1127.0
1LPASFQ5NO6L08S4,20.5
RNT8ANM3GA3AFQJK,7669.0
0CSK31CDTJI0K5DS,175.5
K74QTHQN13J02HNA,3543.0
GA9LOI27T4ROE5PM,4212.5
6TA6I8S5K6EEKQP8,2424.0
D4IQS5N2OOIPS7NP,6320.5
LLIPC8002099HT2L,3514.25
RH7I5KBSTPL41QLD,545.5
HNPIL8D6NJP6G68J,1392.0
BC7N17701P2NHTGE,629.0
4LK3I55R5C08IP1R,175.5
EOLNTQA9F1HEM40O,3419.75
KNQ3NM19KDQMDHGO,1148.5
CGG0NECC0POGJJ0H,417.5
BAMHP13MD6FO1O5R,1959.0
5C0QTAQP86NOEPG9,175.5
NR4PJLQETTHI78DG,198.25
C7P6NT9BG3HM44KM,1392.0
JR9MM66LII41OTHS,175.5
1JHPMQL6C91N1B07,15114.0
90TQ3KDJ9HS3A3R5,1307.5
IK3EEN8JMR8AF0LT,181.5
6K4919KPMCFLJPH4,5143.5
G56TB3SQN96I45EA,3607.0
HC7MKRJK5CAMISE4,1959.0
MF5CJKCFCGCT6POS,34.0
4FIFQFQOA71KRL21,3032.0
P96CKBT9H664OG8T,368.5
DTSBAP5SCBCA038P,359.0
O2TE315PO1QDRS05,1718.0
A8OE2GOE60OS200B,156.75
NAFLLRCIRP3RJICH,70091.25
SPSFLPG4LJIC81BP,9332.25
QGDIAPD49TTGN00D,13641.0
RKLGNI0RFRC5640F,34.0
JP0O5J4EF3MGD8G0,421.0
NT567CB04N8AQ68I,1392.0
7GDFA7L393RB7T42,1828.0
8IGRD74IPA30B2AJ,1918.5
S1NRD1H2H1KL6P1R,1791.5
557J60M2DA1BF1H0,7591.0
7KSFJMTNR83CTMD7,601.5
8CBECQO50124PLGG,175.5
MSORS7AT4PPNRELM,1392.0
P9MRQ3AI2N9TM8CE,1392.0
GISKKTMJOR0S5ARB,97.5
0GG2J3IC6LSK2CTL,2424.0
I5FR4FQ41P2FA207,2346.75
2K93MBCMNP20TRJT,175.5
79TQIMD2G6M8C5IH,3535.75
Q7Q64FK8P0QDTE12,14025.0
F49HB922IC6D7I1D,1828.0
SS8PK01IK1N0N1B9,328.0
FG409M801PSIH09Q,205.25
S40KKOMM01GP0H7N,2436.0
LQCOER3NKKP45P2S,523.0
7HIP38R4ERHKRQIN,198.25
CKD2GSATNCFLBCCP,380.5
FHP28HDFPRRI7GO8,84.5
IBIHDHJBK4233PCN,1121.5
AISBBQH5C1FQ1C1P,478.5
LFD90L14MTLSS8TJ,94.5
R17QJH41HHG10KI1,2935.0
QKQD78HQDJSTSDKH,3837.0
SOG17A3S8Q63TJM2,100.25
A793QFAOO3T1FSHB,1408.0
IRH5F7EL76SCK842,175.5
3DM8HHJOGST486C9,175.5
FNAP62GJHP615JRL,2704.5
B9ANAJN597M4TCR3,9064.0
RAEPHR7EF7L344BR,1387.0
EHOR76MN9OL5N6RR,7591.0
NTNT17T509B397KA,13641.0
4FSDFOCGME717QNJ,11665.5
OT8REF17GICISBH2,3312.5
PTQBOIK7J18F4S8R,3312.5
OS5QAGFMMF4PP9RN,3312.5
MA6MQR3P8A37QO80,2424.0
6B3DBABFP05G7IBG,2486.25
G69FTO3NT2TGCNC5,12837.0
TL0QF4D49H6H7PQC,318.0
5GPEP7GDG906210F,3.0
TE6BPDF9C0M93DQ4,9933.0
R0Q00D28R163C4NM,3060.5
GRHOTGCHTTQE7RR6,2935.0
9HMM20L72GRA004G,1392.0
H215AL22ARA78EK8,478.5
FND34EDKS25ASPKS,1121.5
K8035OGEGKQ3OMT0,4587.75
9D95NL89ATS7AQ5O,1347.5
ED73B06L03F2NADK,181.5
TN7H6KJH162M8D6N,1828.0
61HH9065C2I15E72,1392.0
KM17LS5F4K7AQ9ES,4715.75
JP4OTINFOBLRMBGE,93.5
PC02HHFALA0ALJRP,7591.0
DHIAQ6H43L496RQN,70.0
LOMNT4EBHHOPFRNH,1392.0
A07BIIGTQ243E5P0,8905.0
4R47CPD87H8JA4ER,545.5
CIKHGO3BN2LOO1T2,1183.5
TT2RDP9R05N6LNN7,254.5
Q6NJNCR63P33KKAJ,1681.75
SQ2N288JIQ4G78J8,1852.0
MKGC4IEO6ATCF51J,120.0
OGKO0HF2FHB5Q6MD,40.0
70PCD531J1D4JR49,2293.75
CTCPG6NIO6RI8RGS,2924.75
GBLLAOO0SR0KGAS0,3312.5
P4AL4GQA4LRC8MNS,1347.5
OAR8715QSM375I1C,545.5
CDR3KL1PEP90EAJK,2236.75
FCLA2L8094PM2GJD,218907.5
0TRG4F5BND1A7537,11.5
L6EC3DSF17CDDKAT,1308.75
CBQ7IN3RKNSKPCSC,3312.5
2ADMT0S0M77H4B8Q,46.0
PK14IKGROJ3MI54H,1828.0
1TLCOQ9C21Q8LHCG,436.25
2L4S18FKFTL3ORHD,2424.0
ABIOLRL5L7FIBI3I,7591.0
DO32A57MORERL7LM,22.5
1MM1LDG43EDDB2SH,1392.0
4N2HD4KA5NRGKATE,3312.5
G29CJPEKIQ1PBJTR,1828.0
QT4OBLFNH5F3O91H,293.25
294R4SDO9L4D9B09,2935.0
EST0G3L0FI2BK962,6660.0
QHP043E8NRD495RC,1392.0
P8L3L3N2I98I59HB,478.5
KB5GR6FTMO6HAAG6,1817.0
DHPF29CH6P6HGHO0,1549.5
PRMGKKSFLL6AAQ7O,3514.25
BCMTR1MNEF4TD7IL,4587.75
C3HTE610SNT0MA0T,4587.75
IH752QGRHSA941ET,175.5
2BMLITFHBA2LSTSM,175.5
JNP3S3N1RBRF5S4G,8133.0
OLPPQ1CIRIRP3O6B,7591.0
LFB3DP9E7PAR9TL6,312.5
BG67FAE792SFE131,2213.0
S1P14QCJIHOMF30Q,3419.75
H3L09Q7IAIGAHOE5,15114.0
N8HN7GJHIAHD4CGB,9940.0
AERMHERAF7HOCDH4,2436.0
72CRTEOISQJIMACS,7421.0
1IFP2ARFOQPNJ20R,427.5
TJB53I3G6KJQJ1JO,10206.0
L7F5BL0TLKAJ5610,15114.0
HMHR9SBKF4BTLLTT,324.5
DAM9CJKTH02M8HCC,4740.25
E20EK21FNFR6PLIN,3640.0
RCJP1Q51318INOC8,8261.0
EDIQT4T85EQDNDEI,2486.25
TRIGNQ0KKH7H87EB,3231.25
L9PMSH0DHL60SQRK,8133.0
4R2R9D8IPT1JNO85,436.25
HL691PLCTL3TSN1N,473.0
BE32QB394TDB1H6O,3.0
LOLEFGJ5F5T6FT1H,84.0
MOG68IE9QQIQCPKR,8133.0
95FQCR86583H4AEE,3231.25
QOIO1268OC52AEO4,7591.0
KK658MHSF5N61SBM,2111.0
K1KT59D214FF5D5F,32824.0
PGEJF3P1G6MQBTJR,1791.5
L9E2T9L1H7C5F4FD,148.5
PM48LSG6GAAN5S36,5931.0
7AN54S3LSBAQQJA9,3099.5
D2LQHF5N20E12CFT,417.5
7SLIKJFI7H61LQL8,292.0
IRQPMP0QJALG0C60,545.5
INJL6EJHK7C5EI8P,2998.0
FAP6PRFRT13KO752,14073.0
B21PL2T799RBGI8N,84.0
3BC0181HNKMGRJ55,1020.0
5J9PO6S754OJLFNK,155.0
J5HQTP4SC1E5816D,347.25
MM7CH4Q6LJ7BANMP,1119.0
1B01M373TNKR9ENI,473.5
QAR3N2624JREABGM,10.0
JMJ6LRJ49NOPM0EM,3419.75
M10A3AKF0HCR3QQ5,1392.0
DH8E7GDL59T6RP3P,3294.0
57NS82F60FD2ABQR,11015.25
89MDKTA9L70RJ0J0,6918.5
L77K122N0CI5D2MP,5615.5
2HSJIMPC3BAL12S9,2935.0
Q988OJHDS3T57OKO,232.5
R5Q7HA2G0FOG60LS,1756.0
B7LTC6T5HJ14T3JR,1828.0
ENMCROSPMGK3GES5,2717.75
8F9HTDLR3AKTJTKB,6660.0
BOHC64ISG9EQDRH4,2308.0
EEQC2GT1SHTQS0GG,1588.0
AO72KMHG9F9236AT,13369.5
PRPJS7GA132OMTDG,8261.0
DFHG76OK2B7FTRMB,6788.0
HN87H4F19NDD2EQ5,1392.0
9A2QHB807IPHLDFA,473.5
G03036KSGCT44JPA,84.5
69LDQGN70RF4TT97,6918.5
CLIGMFF5JOCCMTHK,1828.0
O6DTNLA9CK86KDED,22.5
L0TND3IHHJ152MI7,478.5
RPISSTBGR5OQ0727,129.0
Q18E7CT5EOIQ58LE,1392.0
EH91RLKD6KHI0E6Q,6660.0
HOMS2HRSMPNC9AOT,3373.25
3G66BA81M0K9P5H8,436.25
TS6KKRN5D5E1RT1K,2886.5
R6BA481K0F5FOB5S,1828.0
3ATDOAIB388H82I8,2109.75
QA6I09LQ26JLJ7IS,175.5
5I4QD538ODHNDSAK,2818.75
9QT6NGT3ELRBQSJI,473.5
2HC00T4H9EH47771,239.0
MEMQEMB6175T7JNS,6660.0
HMJ4SF67LCEF1BBF,276.0
ANAFC0HL8HLBPFPO,1392.0
CEKJDS170GGTH2GD,803.5
2AJT61LO2OEQ9OD7,11406.0
QH0NDR4593S3MFK0,34.0
CK38JP697HBSQQ3N,10206.0
OHIRHHQ4GTHJGENO,1828.0
07DGD0F6AP42534C,1918.5
30KSNEC0LMNCG1N8,3312.5
QL75S601J9DIT015,5450.0
F7J2OI83ACKJ08PL,436.25
INLCSSEI6HIP5GE7,4383.75
H50R8RR802IABFJM,11.5
SR6CAO8PNMTACF3K,3361.75
1S3J53DDJKHJ9NMN,32.5
ES748ODM4THO8E1K,273.0
LMPCBIP0198SC6N9,2828.0
53LNT2CPOAI44B00,1387.0
TGRQ4MANGJJ20E7F,411.5
P0C4LG6JNCDHDSJH,6660.0
HT86K57HCDTO5T1H,171.0
41D8OPDRIQH8MKS8,175.5
02M7P2H1CE54QESH,175.5
2N418OGKRIO9P2A0,1392.0
2A7HO8FKB376IDFK,1412.0
IAJBIFR506MNRMLM,5681.5
S7TRQFJ9LRR9E57S,175.5
KICT6NTQ5MM6AIJF,2144.25
IOP7CLDP7QO1796N,2118.75
TPHQR9AH4J35SE1B,100.25
E591LRBKSLLKDP3F,10588.0
LBNDL6894CSDH4S8,1274.0
CG981MAG32ETHCLT,1387.0
A769FQMMTTENC0F7,20970.25
AFKDFSLFPHNGSCII,10206.0
3H6IHFOE4I35A72F,3419.75
N7IO7PODL8G6KFBK,1392.0
49N7T36ANB8MKN83,1828.0
HJQSFDTA11HDFRSH,347.25
N1KB9OAT9R31PQ30,1392.0
3B7CLGSJSOBN0B5C,5469.0
J7HE15HAKNAADT6L,3419.75
GIKHHAO2949HBE02,175.5
0JGM8CL8EQ9MBIEI,2424.0
14FBQTE3285OM7TR,4587.75
O408Q9OA1S6Q3HP5,3312.5
AGPHSTLQLOHS5E7N,12488.25
L1NTGB907S2SQ06J,2.0
LSTC2MKMH8D0HDBP,6788.0
SAI3Q837TIRC2C30,1676.5
11OK3ME2JGH1DLAT,5143.5
T16NQKLQN169R6T0,270.75
QK2J3C86OFF1C68C,1918.5
NDG8AQGLFPE0FLH9,2467.75
54H7ANAJ3RFC4EGP,347.25
N7SK5F434NFHPTIS,3591.0
PK0A4O4PMIHSBPSB,4393.0
IM05IRO8926EEF90,175.5
G63BKM3EHTH3Q64D,1392.0
GBGLQIFMD2SJMOR4,478.5
H566L30IF30MQQSI,266.5
93R9M3T827F37KF7,154.0
1CFITI03RKOE8S56,1127.0
5SJFH33T1EKL659E,6660.0
IQQEOST8FPLSI47D,2424.0
P2AOP9T0ML2OG880,171.0
78PF4AL2RLFO44F4,324.5
CAN27GCNB569L2Q4,20.5
S37813KT1R99S9RT,1918.5
B7OHBJLBOKRH0PHT,2003.0
2HL5F7HQR177PSB7,175.5
F6KKTC9I70048E7M,294.0
5KH1TDQT7D7HNM9J,2109.75
GGKBOOA484NB8T12,84.0
5717MRMJC7R418Q8,4620.5
RSE7K5O8DFCETI37,1446.0
QJOCRNKP4JJ5P2AD,264.0
TLBF4FESRQS79NMS,12488.25
F6KAOB09SK3PQSEL,3535.75
EA62HSFETOSGH1SM,1658.5
4COL7CLAOSJELG6F,175.5
IOAIAHHIGR6F0IBT,1579.5
JPQ06GARBKPSKOIN,5990.5
5K8E2KDJJI16OKDC,41.5
0NM5RRSB12ODQDR2,175.5
J3QA1N72PA9HQ2QC,347.25
F85EE88FKTIDC7AK,539.5
FOTERB7C6RQ35NFM,5346.5
CBNQMNCCA6LNBF5Q,6945.75
52N5T34PK5RQ317L,1579.5
JE04BA73EAP1HBJF,48.5
8S3E258KMJ79RN75,436.25
AKICJLT207J79P3R,5355.5
7L8C2T9328DG6C30,1297.0
RESPHBE5601S9Q80,2886.5
H9HHO2QGO02R1QIE,175.5
A1TB53PQQI4S9F47,478.5
Q6SPB9R1PQB4FBEG,2935.0
7T7M5EQ78TS9TGKM,714.0
D3R3KQ7MDI0K3582,9064.0
PJD6M4RTR9EE85BI,492.0
9P86QSE3G1LR0QQ7,9933.0
5PODSD8JO2GQOBLG,5445.5
D23KJ009BHNJR11J,436.25
9AMRCTEJSIK5AHKS,8133.0
Q7RHJL9A0BEAT0S2,127.0
BLFCGONR41HN8J8H,8688.75
ANLKDE8Q05RPBF5J,175.5
ESBQ5GL3HLHR0FEI,2657.0
P56E8N3NGS2QTPMA,18859.0
CSSHTQAC0AP6RQ32,1828.0
28N1S7EHM1QT1P2H,4212.5
6JN2HAECTGRO1I9S,478.5
T1CH85RSBB57CN4G,282.0
RC4J5OA47KDN5CD9,1392.0
B20Q1N49RL78PT9K,328.0
C2M1LJC3M64398AR,421.0
F6OTAA66Q8NCKC68,3032.0
Q9DQQTQBCO3H844R,478.5
73M0MBJ0RCLJSMJ8,3028.5
C04J6LRDGM0NP2E1,4519.0
CG4S04KEK140L92Q,8170.5
2P2NCFJ9OLP8FPGL,3467.0
S1LEBREN9HFTRF6B,175.5
3HMGF3LLC9E56DKL,359.0
D6F270JROSO3JS77,168.0
N7GBEJNTID0N8HI2,2424.0
BF64MJD7DPLLM3TH,478.5
G733PR23NFP1G3J2,8277.5
7IC6KPDQEF7BPQF1,6660.0
MSHQOSNS3LHKNL5J,175.5
P2D5349FF0DOH2KA,6660.0
DQO9A11QDQPFKK73,2176.75
0OJIF4K90RJRJSBI,8399.5
QPHKO78MKGIT535E,181.5
K602RK1SA76Q2D2O,3373.25
L3408H83THB6D0M9,2308.0
NGJBDDGMQIQ8AHOS,2436.0
T5ABBPDKROTHMNLM,478.5
LLMBHDK2P94K8NJ3,2886.5
EIK1JTA444N58A99,436.25
ILNMP9JGHQ38K9KT,328.0
I9OD67CR1G3H6LRF,175.5
RHOMNPLBHDORE0L5,4519.0
9G3IE388NJDF6QHF,84.0
HODS36BSBBNLMDH3,473.5
NTQL2F3TTRO9MLMB,6660.0
35M2CM344HRHQ9L6,2109.75
4421746G92389PSQ,436.25
5EPB0KKHQO9ELCDP,190.0
3B446TLT1NBNCD1J,327.0
42IP603LPK4CT1TP,11.5
MKIB6KMNROLOK64T,12121.75
SAN4LTRO6400ABL3,17.0
PIANGC231IRRB6L3,1057.25
SOA4QCIEIES40KMI,3514.25
044DLMPL2LLEA4P8,714.0
M174CSQN41AS4N08,1828.0
47DL99PFOHD6D66E,2486.25
FHR16QI528LS6FG4,1127.0
GRDNRIPQC94HHNE7,21098.25
6O7CGLMSOTH999LJ,2424.0
O82N0N592CA5EJTC,359.0
BQET062S8PG9R6A8,331.0
SK66N7R531O27F9F,11.5
AIDJ1BA4AP15IIJJ,478.5
ES07EKFR7PTH8DHS,1392.0
HF75185OL6DPH4R0,6660.0
452K43NJ01ESNKG3,3535.75
N8DHM0SBG094QCMB,2704.5
1CDCK80TD4OT87TM,5445.5
334ORIGGRSDLFA6B,2424.0
1GS6HE27Q5DTFMPI,175.5
GK7F03SHKIN7J00D,3419.75
1GD3SGEPJLHQIP4I,1387.0
IDIESJT9PO4J9BJS,8751.5
SOG1R83JCFD68RQ7,3352.5
FKSEFEEGA43EC9SI,175.5
41O8KBPK4E0J0S2M,1392.0
SD9T2CM3P1M1CAG9,3514.25
6ME0R2LO1MBG3GTP,6660.0
E86N92RCHKLPQP1L,347.25
NB0MSIJ5AFTDKCMP,324.5
6NM74N523P3IS4AJ,6660.0
6EPELOK4PLM78T78,1959.0
O5GQI8P6KRGRH817,1274.0
3C7ONG65JITLHDBN,4455.5
P6G87D0C6OQF5C08,175.5
0JSMN1029EH3AQ75,3402.75
78NKCJNC2QML0BD0,11015.25
FSQJQB8GO07L2HQ7,3837.0
357AN35FBEEOBS48,331.0
OG70EM4IG3FG4CFG,4393.75
42660N4JSREIIIES,3.0
ID3DA7GD915SI0AB,309.5
EH73I14S8KCHCMAD,2144.25
B9LBFLAT3KNGKJ8S,2122.5
LOP9LMA7ACISMMK0,15708.0
6MRRPTCGLC7K35M1,7157.0
JFSDQTQK6GTIHEPF,436.25
3M0ACQF5LO7A4JB7,436.25
G1BMAENH4P89EJLO,5615.5
I76PQQ8E8CBDE628,2436.0
8JSHDEO225E7EO1D,347.25
56EJQTJPE7TKTTRE,6907.0
NBGR7QK42RIFOAN2,5143.5
TN8NAH7GREP7IC4I,2486.25
HBTSETSLF5KRD86M,3231.25
DGOAIKOD4QKC6JGR,16.5
SRLTGPMID6EQN0IF,7591.0
LBEP8E9T9C91T7J4,8133.0
8RATT8LHQ0FLIPO8,15434.75
PHLB353PONS1RHE1,2898.0
HBBGRO027QC9BBDC,3231.25
8RT7DP5SERSAF3SI,4157.5
IPK05SCIHT4MCNC1,1387.0
K43920RCBP6ENI2Q,3525.75
4DT9QE7QJT2FDKPN,7385.5
KJFEOLG31HF31BOI,9933.0
TS6P02CCMD13PQE4,3312.5
DBMSITE1EMC2E6SD,3573.75
S9HG10SF2PGGSBPC,7591.0
32GL8KC4P594HMAB,6660.0
E00TMNRJ1SA6GMT9,3419.75
9FOFT1FHB9TFBH69,273.0
7643JKCCTBMLHMJG,175.5
HM4393017H9HGO4S,55.75
JLK0L4TEC9O6RIK1,154.0
AT45FRTMHIO8GH9M,34.0
24Q9PA91SJT8RG88,3573.75
E24Q6405IG9P4BLA,16109.5
3A5QT6KIKE4E30B8,5450.0
L68EP0SSTHKTE0HR,175.5
JJL19G187DS7RD6S,3662.5
ANS86GB1SD69PHQR,6660.0
54IPNK2B44ND6DR1,1387.0
K029CFK7BFRL64O5,1392.0
4ESQQ1QPL8BEIB2M,2319.25
NBSEGTT2G8TJ7A18,328.0
2JF5NDFB26L08S2J,6788.0
78E3S9T42TTO0BAJ,436.25
JNCG2JMRJ91B5LB6,5681.5
5IQ58JNHE63TSI1Q,17153.0
N6C9LE541ALEQFP0,2144.25
AKA3K6LK7EQ3PH32,1620.0
OB719DD51N2E19S3,550.5
A93K8LL60OA39HEG,9064.0
T7C0IK5QAJF9SG57,411.5
G0E5CJC2DF1GR9H1,1297.0
PJQR41Q3NDRD0409,3543.0
GFD496FRH2BP83KO,3294.0
6CQAD9N46AKICCQF,148.5
91PRL734KCEBI9DF,41.5
LJE8A6MM7E11SA6F,2109.75
QFM4IG62BT51QQN5,281.5
2DKC4RBB90BELAKE,175.5
GECKENKRAKFJAAEL,9064.0
RL6JPNJ9G8PFH79C,492.0
DI1OT0M6KI1NGH60,3361.75
SDJ9M00TSOHSTOGB,34.0
SQBO5R8NQLPF12HQ,5143.5
56QG64PAAPA3BGT2,3535.75
S0M6DHHD6181R1E2,3458.5
POHR2L1BGO70ML0M,7736.5
K4IRBPSR4P00KIRD,6660.0
1O8G82J5D4A6E1G0,2424.0
P0ODMEIKISFQDFFQ,3312.5
5J1DEM0KMGH2J49B,8399.5
1RFHTI19CAN2QP4N,3535.75
04CSCO3E8N9BS5MN,4587.75
MRR87D8C0O483INB,8133.0
T3B2B5TSCFQA0T35,8466.5
E9CFPEGRBG3KA5GP,7860.75
1TGFD4M66MM42G30,6660.0
TKG3JOQ1K89RT9OL,327.0
TJ57HREATIL6BILF,1893.0
21C79TO07LL2AFOR,1121.5
4M44GOJ14H1369G9,2293.75
R6R1FLB2ACHCGF83,2122.5
8DLLHHO0MDN0GM1T,38.5
KDGJ5PJK4C6R50T0,51.0
I4956IIC72TJBEE1,492.0
ITCRG46LSJQ86M94,2704.5
GO9T16K0P7D62NPC,427.5
GES56OQ5B3NQCQQO,1868.0
THTJ9GPCT15MKG0S,264.0
NCTDS1G4CDFABLNS,2424.0
OGD809DG9NOPTHSN,2424.0
927GE9AAMOK63H2C,11.5
HDSE5K32I9LJ0OIO,14181.0
R233LOAF80GG4LPC,13641.0
8S04AMSMI0BASLT1,34.0
1FCQPELL1NM3G5KT,13641.0
ADDSLL4F0Q3JS0KA,4587.75
88H4PDGGRLSS10QL,12311.5
72DJBPI174BF10AD,347.25
FB1JDSR1NE91SBCC,5681.5
5QK3CJAPLS7DP2GB,4587.75
TLD7IIAR53D1CJDL,3607.0
4FFOCODCLS5NB6K9,473.5
QBGF79FNBH009O7L,3.0
BT9I3H2HK217D5DH,175.5
0D2004PD45QCSLJM,1969.5
PONCAGJKD454Q4PK,492.0
GQCER2QKMAIBRMSL,1446.0
L1421NM3QT87G9BS,1791.5
TNR8EH9KR3A3AK4G,1297.0
K8J2DADFR3FD0MSL,6660.0
44542FM86KL2QI5M,273.0
G2M8PB96KQ6RO49M,350.0
JMN0ERH11FLH0LKD,231.0
25FN7QM24L7E5RAG,7414.5
5HKDMOFDNIOFNCIL,175.5
SALLCPFNK0CEBF7F,7318.75
3FID6BGQS9A3EAR5,510.5
43MHFT57ATLN97HD,41.5
5BT3IQH7TEKN6LOC,271.5
SFMKF667ARHF924R,175.5
4J67HDDOGSC5TJHG,3458.5
K7BEJMO9Q0BF1NN7,4740.25
TS0B8J0LR2IT0ODE,27728.5
91QBDLMBMQABIHTA,478.5
NN5M70JGAF83QJJ9,244.0
7CMF3BBGLER1RPAS,2704.5
PK9165SR5LTRPOGO,9064.0
S8NC43D4QT9DCHPR,1918.5
NPTEO6634MRNKSOG,171.0
CMA37GFQBMN3F5C8,435.5
16BKPBO0IL12O7MM,421.0
M31543N7IJH986JQ,6769.0
S6TIJ436LAGCNNBO,3312.5
KKIDQMDIC24SC39I,1146.5
M4EB66BM7KQ2JGNP,714.0
629MO73IG9EOEG0N,4715.75
CA9ADSCH0RAB97LC,2330.5
L44PSHN03OE3L5HH,232.5
8OB798749TI7NQSI,2704.5
0J9M88PG9NAP3TSE,175.5
CPJ5OFO0GNJG46NB,8714.0
FINKGGMSM2A3PF7Q,1387.0
K64T1OJ9BELRF192,7962.25
56QF376J4LC5OBJR,175.5
E0N7IS8A4NASEE2G,544.75
4ACTKQRD6TGPQQPR,436.25
FP2261M9E0IT9FOS,2924.75
ROGJAGRR52NKGCNO,4715.75
5Q0KH1JGO3MR0PSR,5776.75
67KEQ80MQNHHAC1M,12488.25
TE30FC5BNTG206FT,2717.75
MT1M5MTPEE2HFDOT,2424.0
S19IHGECPG4G6N64,6456.5
7ACBDKIJID9M8183,550.5
6865GA03TMI4TNMF,2449.5
DK8P58Q2OTM61ADT,417.5
QAPHS5HLE8M41I26,5795.0
HPAI746BANODB2JG,3031.5
AAABF0KOHQB6QEFP,1062.5
3RRH1EREBMTFQE7M,411.5
C68AK9TMALFRK52F,6660.0
N14HP9Q0QA72EDFN,9940.0
2PNFT3HARC271P8L,473.5
GBH2C1KE2G083GPF,492.0
4KLQSCKK8LCCGH6K,225.0
M8E69D3N88RO0903,1392.0
MN11RCHBQP6KTS1Q,9064.0
98GHCGSG0FG55C1J,1959.0
9F0LS0JEDCF2SEHL,1387.0
KQGO53489JJ2MP0T,271.5
3S7GLEBKLOTKBP4C,3403.5
BG6KJACRCGBF6SI6,5615.5
E0A8JSHNR6A6JGI1,2704.5
OGIPIEHJD8JOFGOL,3419.75
5PHC4QQQJD7382NM,2424.0
IHODG4RHODGGII48,3662.5
OQQ2Q9O48K6P2RTR,6788.0
EA2ISHTITS8A89CD,1828.0
JFL9J92604L0J377,2732.25
O3FME88K1O650EN0,155.0
FRSMI3951D74QKH5,192.25
49T1R4DB48QG37SI,1392.0
MB0862SKTSFPB285,1347.5
306OIQDL6EA6LQ52,4587.75
21P3F3SGHMIC28FB,2.0
HKDLG048IGCIMB71,9064.0
F9AN6FEAHGL2R6GO,5228.5
10E47FPHH4CPI86Q,175.5
O8OG8B794R4E1NBD,108.5
C6M6C0P6BDFQ0T85,478.5
GM9A40O247RQN7R4,545.5
4HTH6I14KOH2P74H,8133.0
KM3OCJPSE287K3A2,8133.0
6I0HISHJ0PP4LASK,175.5
EGBDD2MFON66JN56,347.25
6B6DHJB1MRKN4D4T,1918.5
IMAE3CTG2HI2O6OC,6907.0
0AG1N2508CPAQI71,347.25
LL0M8IOM65GT20BL,436.25
GFASAM20D0F2K2K0,3032.0
9GA42BKG29ERAGP6,34.0
ER85NSIDGN6KGN5F,4587.75
LKPL2NFS1N584I9P,1690.25
TGJIP4P86SC4OP7T,8714.0
MEGI3F31MM89CQ5B,81.25
K6LG1OR00EFIIAGO,4212.5
S2RFJ5AGC0TBSH8M,4112.5
TRGE8C2OBO2P29JS,6660.0
FP2HN4M52E28TK67,3535.75
S08DSSDM3IJLN45T,175.5
TJKFIK32PI1N8A54,144.0
HF61GN1EL40Q2EAQ,1828.0
86PLI913H79CGG9K,88.5
7AIKLGEE1Q69QIJM,1688.0
8SCLFE68S2OQ4AG5,4519.0
T22JIP6KGH7SEAEL,1828.0
RFR5BFTG4I6357TC,175.5
B1N4Q1SGKNICB27G,436.25
D6RLR0SRLLTRGL2T,2704.5
1OB168PO675ADQPE,97.0
JD6FE6GRMP3C7KEF,3032.0
C0PIM1LRLGRHSNH0,3312.5
SHIIAFA3638AJM9Q,8751.5
DMC9J6DH27A3PQC4,2935.0
N118TSLKBLA6PFGB,34.0
5AOENMI51RPOJF9O,2924.75
AISCH5EHE6J8AMHR,8594.5
56CG8RPPNI46ER93,24243.25
NFIOAQTN3QPGRIKT,8512.0
8SFGHSN6BIIHIIQA,2424.0
DAAJQ0J09A0Q26RL,1238.75
589IAITSP7GRP42Q,421.0
S8M65K5TKMPQ4JEM,7591.0
E7379OS06JOS950C,550.5
3EHPK6OQGB87CS50,8700.0
5F7BNAGM5SQD01NS,7591.0
IBISHPD0JI7E7N28,3032.0
7O9E9L3D9J9KT3S3,3032.0
2E6263Q9FTORKTQ9,24726.5
A505HBRKQD2HBSJT,6660.0
CNFESISD0HFFJQDF,4519.0
REBQ9JL6GHRTG9RQ,3.0
Q9MM45ALS0SB68HH,1676.5
KKC3186C56C1PGIO,2109.75
4FM2GCCGB5ITBE36,3407.0
36H3CKAK857LB6B8,2704.5
4G2PR3H037MQ8OFC,33778.5
8B4B58GGBMOP9EF4,2935.0
HTRM36024J88R9FE,3032.0
H56B570LHKDECPC9,492.0
HQ587RFBELDIN3QM,4393.0
TLRN5SD8B64A2FAH,322.5
DELCJE0LBCENLJS9,2347.5
2GBORIICL929JGQA,3600.5
JT2D70KSBS25QTNF,2424.0
TTCDPCGRNL0RT9CS,26983.0
RJME2ONN2CGEOMAP,1253.0
6SDISQQGEI91LIFA,3535.75
8BOPPMSIQP6TJKDK,175.5
MTT0IGA26QH72E4R,199.5
CEEL73N6COOH5CO3,4587.75
E4JB6OCPFQEQDCGD,1861.0
3B6L10862KR5D74B,10886.5
KN5MLTGLJ746IMER,3573.75
R37FLKF494FM785Q,896.5
41N4FHQC3AS0BJE4,171.0
SIDCMB5LJCC0AIMK,2109.75
8H5F2MSFGJ90A55G,1127.0
4KFJ1BGK0NCADTOG,4240.5
IF58L4PMDE85BIBN,5445.5
FRAEH21NIPJH4MKS,1347.5
IOCD993LSRKOQG6H,3312.5
0BGC5NHOJL7JO964,2424.0
JRMI9I0KHCIL9NRI,328.0
BISGF8M524NH53NP,12532.75
HNELNS2S66LD69H3,1062.5
2QL2BORN5H23GHFK,10445.25
DBN0R67BKEEQ5E3M,2924.75
OOTGTH74C3T6SHG3,478.5
NM83HS5N3F4NBC1O,347.25
79RDFPS8LG9748GC,2030.5
1FN4AHT6CO7K9RBC,347.25
FEMIMH3DI78OLHIO,322.5
NAFF0IT4KTMQD647,102.0
8TGNBD08QBAO67CM,175.5
HJ6LTQKD6MMHC8ME,5615.5
245K9QL8CEJKGL63,10.0
4PEHKALTDK59SDH1,3312.5
LT6LO2Q6OSIA3TA6,2308.0
8CQLPH9JN19OEAKO,2436.0
DND9TNB7HHS7RSQL,5445.5
9P279B1R9GRMISCP,294.5
7H2FDPA0EMLNOEF3,2506.5
39OS2FOC2ETQ975K,9933.0
H59J1E6NICGHT74F,2424.0
L31QFQQKSGN89N18,478.5
SPOKR45P0GJ24H2A,1009.0
5PEQPH2ARCJJEA2P,2935.0
1PDQDOSRGC9MHF3J,318.0
5LLNR5II99IMCFFH,8758.5
CSPP43TQ8F85MTMH,1658.5
H940NLGKLFDA968L,1347.5
05E96P4QBQCCH8CT,2.0
JN02N0SFR06TATQO,347.25
ODCNE3KF3A78Q2J2,175.5
K7ML33N9623FLOF5,4587.75
H1ASTFL2JD9T1MH3,5469.0
5BTM175OGMMA6SCL,3312.5
FC980JM73IGNFN33,328.0
ED5OE2KLO909LLRQ,1392.0
D468H7MSPELRB1HR,1658.5
60S8RP4JCHNT0I24,1121.5
BTH743CODJC41K3F,3969.0
LAPSHGO35NS5DTSF,3535.75
82HM0GO1C3M80G1N,3028.5
2DA6FNKC24JEOH40,436.25
9TB8PTQF1CH7FCMB,1392.0
4JKA2347BSF9SMCF,347.25
B323DLTC403S8RHO,347.25
BEMT9A16KBPJASK8,2308.0
9SR48OPPJFPN0ALT,2424.0
MACPRLEK2ENEMEII,34.0
4KAB7A75HA5C87GE,436.25
9ELAA8PO437Q6HKG,2935.0
F351B26MTTCEAAPR,3167.0
7LOT67M6QKQJHKLE,4512.75
KMT9709911MH24HQ,417.5
8HKGA745KSS3AD56,327.0
G9T4NMA6AQH219KN,629.0
E6M75EPRB0D1S54F,182.5
IRNL1959CHOC7LH8,3.0
S3P7RIHJRTRS0DSM,175.5
PHP8BPOBLEASMKFP,4587.75
CBT95ITPGR8KG60R,1127.0
KLFLB9JD2HJFMCKQ,3.0
TDAFCEF1Q81F457P,3312.5
6A19IGLEN1AE5T0S,13641.0
S91QKQN5C7C21MJN,34.0
2J7B0S5IR85Q7Q6D,2220.75
9GG9QEE6SIBQFTCK,1392.0
CDGE7TJHH90J0L6S,436.25
JK8K699QCQJRAP26,2051.5
6SKKJ43NQTEDDL72,84.5
8GJCT3OBMRNH4M9L,436.25
PDHAD83QMPK76BRI,5286.75
SJMB6O7HTJ3QM7FM,1392.0
G2BQHQ0D3LN5OQN2,1718.0
D7BFRJNS3HR5GQG8,9064.0
KJ314KJN8TGOM7BN,678.0
099F982SMAC688B9,2392.25
L4HLDR66E6610RH8,2424.0
PTB5NOGRFR1SEO5N,5143.5
LHNNHJ688M9DRNA2,347.25
6EPRK9N60J9JING7,4587.75
JJ5STOP39LEIFH0K,6092.75
DDMD00DDSIE20GGM,4393.75
RJC8QNNC86G0IPD4,1387.0
7SD7S81PCH8TT8O8,175.5
CRIBH4ODAQ5F7TL5,1392.0
C4GAI1ONF5N0THR5,1791.5
QT19NIF31GI6GH2O,8261.0
K54FMKN855MR3J8Q,6660.0
H4QQHDFPE7QP0B76,2424.0
BRFRG477P9S6MMQ2,2424.0
0HRQG5NRLP0KDHNK,8133.0
7SDJE48EFRPPNEJK,175.5
PRT8RDNG6E86518P,8239.0
SRNIBIK27BQ2M3PB,3458.5
6CP232J9R8N84702,2717.75
AROR24MH3M79EHBS,6107.5
